timestamp_offset,pcb_id,side,proximity,ambient,session_id,device_id,start_timestamp
5321,1,1,3,0,device-001_563349,motionplay-device-001,563370
5321,1,2,3,0,device-001_563349,motionplay-device-001,563370
5321,2,1,0,0,device-001_563349,motionplay-device-001,563370
5321,2,2,0,0,device-001_563349,motionplay-device-001,563370
5321,3,1,4,0,device-001_563349,motionplay-device-001,563370
5321,3,2,4,0,device-001_563349,motionplay-device-001,563370
5323,1,1,3,0,device-001_563349,motionplay-device-001,563370
5323,1,2,3,0,device-001_563349,motionplay-device-001,563370
5323,2,1,0,0,device-001_563349,motionplay-device-001,563370
5323,2,2,0,0,device-001_563349,motionplay-device-001,563370
5323,3,1,4,0,device-001_563349,motionplay-device-001,563370
5323,3,2,4,0,device-001_563349,motionplay-device-001,563370
5326,1,1,3,0,device-001_563349,motionplay-device-001,563370
5326,1,2,3,0,device-001_563349,motionplay-device-001,563370
5326,2,1,1,0,device-001_563349,motionplay-device-001,563370
5326,2,2,0,0,device-001_563349,motionplay-device-001,563370
5326,3,1,4,0,device-001_563349,motionplay-device-001,563370
5326,3,2,4,0,device-001_563349,motionplay-device-001,563370
5328,1,1,3,0,device-001_563349,motionplay-device-001,563370
5328,1,2,3,0,device-001_563349,motionplay-device-001,563370
5328,2,1,1,0,device-001_563349,motionplay-device-001,563370
5328,2,2,0,0,device-001_563349,motionplay-device-001,563370
5328,3,1,4,0,device-001_563349,motionplay-device-001,563370
5328,3,2,4,0,device-001_563349,motionplay-device-001,563370
5330,1,1,3,0,device-001_563349,motionplay-device-001,563370
5330,1,2,3,0,device-001_563349,motionplay-device-001,563370
5330,2,1,1,0,device-001_563349,motionplay-device-001,563370
5330,2,2,1,0,device-001_563349,motionplay-device-001,563370
5330,3,1,4,0,device-001_563349,motionplay-device-001,563370
5330,3,2,4,0,device-001_563349,motionplay-device-001,563370
5332,1,1,3,0,device-001_563349,motionplay-device-001,563370
5332,1,2,3,0,device-001_563349,motionplay-device-001,563370
5332,2,1,1,0,device-001_563349,motionplay-device-001,563370
5332,2,2,1,0,device-001_563349,motionplay-device-001,563370
5332,3,1,4,0,device-001_563349,motionplay-device-001,563370
5332,3,2,4,0,device-001_563349,motionplay-device-001,563370
5334,1,1,3,0,device-001_563349,motionplay-device-001,563370
5334,1,2,3,0,device-001_563349,motionplay-device-001,563370
5334,2,1,1,0,device-001_563349,motionplay-device-001,563370
5334,2,2,1,0,device-001_563349,motionplay-device-001,563370
5334,3,1,4,0,device-001_563349,motionplay-device-001,563370
5334,3,2,4,0,device-001_563349,motionplay-device-001,563370
5336,1,1,3,0,device-001_563349,motionplay-device-001,563370
5336,1,2,3,0,device-001_563349,motionplay-device-001,563370
5336,2,1,1,0,device-001_563349,motionplay-device-001,563370
5336,2,2,1,0,device-001_563349,motionplay-device-001,563370
5336,3,1,4,0,device-001_563349,motionplay-device-001,563370
5336,3,2,4,0,device-001_563349,motionplay-device-001,563370
5339,1,1,3,0,device-001_563349,motionplay-device-001,563370
5339,1,2,3,0,device-001_563349,motionplay-device-001,563370
5339,2,1,1,0,device-001_563349,motionplay-device-001,563370
5339,2,2,1,0,device-001_563349,motionplay-device-001,563370
5339,3,1,4,0,device-001_563349,motionplay-device-001,563370
5339,3,2,4,0,device-001_563349,motionplay-device-001,563370
5341,1,1,3,0,device-001_563349,motionplay-device-001,563370
5341,1,2,3,0,device-001_563349,motionplay-device-001,563370
5341,2,1,1,0,device-001_563349,motionplay-device-001,563370
5341,2,2,1,0,device-001_563349,motionplay-device-001,563370
5341,3,1,4,0,device-001_563349,motionplay-device-001,563370
5341,3,2,4,0,device-001_563349,motionplay-device-001,563370
5343,1,1,3,0,device-001_563349,motionplay-device-001,563370
5343,1,2,3,0,device-001_563349,motionplay-device-001,563370
5343,2,1,1,0,device-001_563349,motionplay-device-001,563370
5343,2,2,1,0,device-001_563349,motionplay-device-001,563370
5343,3,1,4,0,device-001_563349,motionplay-device-001,563370
5343,3,2,4,0,device-001_563349,motionplay-device-001,563370
5345,1,1,3,0,device-001_563349,motionplay-device-001,563370
5345,1,2,3,0,device-001_563349,motionplay-device-001,563370
5345,2,1,2,0,device-001_563349,motionplay-device-001,563370
5345,2,2,1,0,device-001_563349,motionplay-device-001,563370
5345,3,1,4,0,device-001_563349,motionplay-device-001,563370
5345,3,2,4,0,device-001_563349,motionplay-device-001,563370
5347,1,1,3,0,device-001_563349,motionplay-device-001,563370
5347,1,2,3,0,device-001_563349,motionplay-device-001,563370
5347,2,1,2,0,device-001_563349,motionplay-device-001,563370
5347,2,2,1,0,device-001_563349,motionplay-device-001,563370
5347,3,1,4,0,device-001_563349,motionplay-device-001,563370
5347,3,2,4,0,device-001_563349,motionplay-device-001,563370
5349,1,1,3,0,device-001_563349,motionplay-device-001,563370
5349,1,2,3,0,device-001_563349,motionplay-device-001,563370
5349,2,1,2,0,device-001_563349,motionplay-device-001,563370
5349,2,2,3,0,device-001_563349,motionplay-device-001,563370
5349,3,1,4,0,device-001_563349,motionplay-device-001,563370
5349,3,2,4,0,device-001_563349,motionplay-device-001,563370
5352,1,1,3,0,device-001_563349,motionplay-device-001,563370
5352,1,2,3,0,device-001_563349,motionplay-device-001,563370
5352,2,1,2,0,device-001_563349,motionplay-device-001,563370
5352,2,2,3,0,device-001_563349,motionplay-device-001,563370
5352,3,1,4,0,device-001_563349,motionplay-device-001,563370
5352,3,2,4,0,device-001_563349,motionplay-device-001,563370
5354,1,1,3,0,device-001_563349,motionplay-device-001,563370
5354,1,2,3,0,device-001_563349,motionplay-device-001,563370
5354,2,1,2,0,device-001_563349,motionplay-device-001,563370
5354,2,2,3,0,device-001_563349,motionplay-device-001,563370
5354,3,1,4,0,device-001_563349,motionplay-device-001,563370
5354,3,2,4,0,device-001_563349,motionplay-device-001,563370
5356,1,1,3,0,device-001_563349,motionplay-device-001,563370
5356,1,2,3,0,device-001_563349,motionplay-device-001,563370
5356,2,1,2,0,device-001_563349,motionplay-device-001,563370
5356,2,2,3,0,device-001_563349,motionplay-device-001,563370
5356,3,1,4,0,device-001_563349,motionplay-device-001,563370
5356,3,2,4,0,device-001_563349,motionplay-device-001,563370
5358,1,1,3,0,device-001_563349,motionplay-device-001,563370
5358,1,2,3,0,device-001_563349,motionplay-device-001,563370
5358,2,1,2,0,device-001_563349,motionplay-device-001,563370
5358,2,2,3,0,device-001_563349,motionplay-device-001,563370
5358,3,1,4,0,device-001_563349,motionplay-device-001,563370
5358,3,2,4,0,device-001_563349,motionplay-device-001,563370
5360,1,1,3,0,device-001_563349,motionplay-device-001,563370
5360,1,2,3,0,device-001_563349,motionplay-device-001,563370
5360,2,1,2,0,device-001_563349,motionplay-device-001,563370
5360,2,2,3,0,device-001_563349,motionplay-device-001,563370
5360,3,1,4,0,device-001_563349,motionplay-device-001,563370
5360,3,2,4,0,device-001_563349,motionplay-device-001,563370
5362,1,1,3,0,device-001_563349,motionplay-device-001,563370
5362,1,2,3,0,device-001_563349,motionplay-device-001,563370
5362,2,1,2,0,device-001_563349,motionplay-device-001,563370
5362,2,2,3,0,device-001_563349,motionplay-device-001,563370
5362,3,1,3,0,device-001_563349,motionplay-device-001,563370
5362,3,2,4,0,device-001_563349,motionplay-device-001,563370
5364,1,1,3,0,device-001_563349,motionplay-device-001,563370
5364,1,2,3,0,device-001_563349,motionplay-device-001,563370
5364,2,1,1,0,device-001_563349,motionplay-device-001,563370
5364,2,2,3,0,device-001_563349,motionplay-device-001,563370
5364,3,1,3,0,device-001_563349,motionplay-device-001,563370
5364,3,2,4,0,device-001_563349,motionplay-device-001,563370
5367,1,1,3,0,device-001_563349,motionplay-device-001,563370
5367,1,2,3,0,device-001_563349,motionplay-device-001,563370
5367,2,1,1,0,device-001_563349,motionplay-device-001,563370
5367,2,2,3,0,device-001_563349,motionplay-device-001,563370
5367,3,1,3,0,device-001_563349,motionplay-device-001,563370
5367,3,2,4,0,device-001_563349,motionplay-device-001,563370
5369,1,1,3,0,device-001_563349,motionplay-device-001,563370
5369,1,2,3,0,device-001_563349,motionplay-device-001,563370
5369,2,1,1,0,device-001_563349,motionplay-device-001,563370
5369,2,2,3,0,device-001_563349,motionplay-device-001,563370
5369,3,1,3,0,device-001_563349,motionplay-device-001,563370
5369,3,2,4,0,device-001_563349,motionplay-device-001,563370
5371,1,1,3,0,device-001_563349,motionplay-device-001,563370
5371,1,2,3,0,device-001_563349,motionplay-device-001,563370
5371,2,1,1,0,device-001_563349,motionplay-device-001,563370
5371,2,2,1,0,device-001_563349,motionplay-device-001,563370
5371,3,1,3,0,device-001_563349,motionplay-device-001,563370
5371,3,2,4,0,device-001_563349,motionplay-device-001,563370
5373,1,1,3,0,device-001_563349,motionplay-device-001,563370
5373,1,2,2,0,device-001_563349,motionplay-device-001,563370
5373,2,1,1,0,device-001_563349,motionplay-device-001,563370
5373,2,2,1,0,device-001_563349,motionplay-device-001,563370
5373,3,1,3,0,device-001_563349,motionplay-device-001,563370
5373,3,2,4,0,device-001_563349,motionplay-device-001,563370
5375,1,1,3,0,device-001_563349,motionplay-device-001,563370
5375,1,2,2,0,device-001_563349,motionplay-device-001,563370
5375,2,1,1,0,device-001_563349,motionplay-device-001,563370
5375,2,2,1,0,device-001_563349,motionplay-device-001,563370
5375,3,1,3,0,device-001_563349,motionplay-device-001,563370
5375,3,2,4,0,device-001_563349,motionplay-device-001,563370
5377,1,1,3,0,device-001_563349,motionplay-device-001,563370
5377,1,2,2,0,device-001_563349,motionplay-device-001,563370
5377,2,1,1,0,device-001_563349,motionplay-device-001,563370
5377,2,2,1,0,device-001_563349,motionplay-device-001,563370
5377,3,1,3,0,device-001_563349,motionplay-device-001,563370
5377,3,2,4,0,device-001_563349,motionplay-device-001,563370
5380,1,1,3,0,device-001_563349,motionplay-device-001,563370
5380,1,2,2,0,device-001_563349,motionplay-device-001,563370
5380,2,1,1,0,device-001_563349,motionplay-device-001,563370
5380,2,2,1,0,device-001_563349,motionplay-device-001,563370
5380,3,1,3,0,device-001_563349,motionplay-device-001,563370
5380,3,2,4,0,device-001_563349,motionplay-device-001,563370
5382,1,1,3,0,device-001_563349,motionplay-device-001,563370
5382,1,2,2,0,device-001_563349,motionplay-device-001,563370
5382,2,1,1,0,device-001_563349,motionplay-device-001,563370
5382,2,2,1,0,device-001_563349,motionplay-device-001,563370
5382,3,1,2,0,device-001_563349,motionplay-device-001,563370
5382,3,2,4,0,device-001_563349,motionplay-device-001,563370
5384,1,1,3,0,device-001_563349,motionplay-device-001,563370
5384,1,2,2,0,device-001_563349,motionplay-device-001,563370
5384,2,1,2,0,device-001_563349,motionplay-device-001,563370
5384,2,2,1,0,device-001_563349,motionplay-device-001,563370
5384,3,1,2,0,device-001_563349,motionplay-device-001,563370
5384,3,2,4,0,device-001_563349,motionplay-device-001,563370
5386,1,1,3,0,device-001_563349,motionplay-device-001,563370
5386,1,2,2,0,device-001_563349,motionplay-device-001,563370
5386,2,1,2,0,device-001_563349,motionplay-device-001,563370
5386,2,2,1,0,device-001_563349,motionplay-device-001,563370
5386,3,1,2,0,device-001_563349,motionplay-device-001,563370
5386,3,2,4,0,device-001_563349,motionplay-device-001,563370
5388,1,1,3,0,device-001_563349,motionplay-device-001,563370
5388,1,2,2,0,device-001_563349,motionplay-device-001,563370
5388,2,1,2,0,device-001_563349,motionplay-device-001,563370
5388,2,2,1,0,device-001_563349,motionplay-device-001,563370
5388,3,1,2,0,device-001_563349,motionplay-device-001,563370
5388,3,2,4,0,device-001_563349,motionplay-device-001,563370
5390,1,1,3,0,device-001_563349,motionplay-device-001,563370
5390,1,2,4,0,device-001_563349,motionplay-device-001,563370
5390,2,1,2,0,device-001_563349,motionplay-device-001,563370
5390,2,2,4,0,device-001_563349,motionplay-device-001,563370
5390,3,1,2,0,device-001_563349,motionplay-device-001,563370
5390,3,2,4,0,device-001_563349,motionplay-device-001,563370
5392,1,1,3,0,device-001_563349,motionplay-device-001,563370
5392,1,2,4,0,device-001_563349,motionplay-device-001,563370
5392,2,1,2,0,device-001_563349,motionplay-device-001,563370
5392,2,2,4,0,device-001_563349,motionplay-device-001,563370
5392,3,1,2,0,device-001_563349,motionplay-device-001,563370
5392,3,2,4,0,device-001_563349,motionplay-device-001,563370
5395,1,1,3,0,device-001_563349,motionplay-device-001,563370
5395,1,2,4,0,device-001_563349,motionplay-device-001,563370
5395,2,1,2,0,device-001_563349,motionplay-device-001,563370
5395,2,2,4,0,device-001_563349,motionplay-device-001,563370
5395,3,1,2,0,device-001_563349,motionplay-device-001,563370
5395,3,2,4,0,device-001_563349,motionplay-device-001,563370
5397,1,1,3,0,device-001_563349,motionplay-device-001,563370
5397,1,2,4,0,device-001_563349,motionplay-device-001,563370
5397,2,1,2,0,device-001_563349,motionplay-device-001,563370
5397,2,2,4,0,device-001_563349,motionplay-device-001,563370
5397,3,1,2,0,device-001_563349,motionplay-device-001,563370
5397,3,2,4,0,device-001_563349,motionplay-device-001,563370
5399,1,1,3,0,device-001_563349,motionplay-device-001,563370
5399,1,2,4,0,device-001_563349,motionplay-device-001,563370
5399,2,1,2,0,device-001_563349,motionplay-device-001,563370
5399,2,2,4,0,device-001_563349,motionplay-device-001,563370
5399,3,1,4,0,device-001_563349,motionplay-device-001,563370
5399,3,2,4,0,device-001_563349,motionplay-device-001,563370
5401,1,1,2,0,device-001_563349,motionplay-device-001,563370
5401,1,2,4,0,device-001_563349,motionplay-device-001,563370
5401,2,1,2,0,device-001_563349,motionplay-device-001,563370
5401,2,2,4,0,device-001_563349,motionplay-device-001,563370
5401,3,1,4,0,device-001_563349,motionplay-device-001,563370
5401,3,2,4,0,device-001_563349,motionplay-device-001,563370
5403,1,1,2,0,device-001_563349,motionplay-device-001,563370
5403,1,2,4,0,device-001_563349,motionplay-device-001,563370
5403,2,1,2,0,device-001_563349,motionplay-device-001,563370
5403,2,2,4,0,device-001_563349,motionplay-device-001,563370
5403,3,1,4,0,device-001_563349,motionplay-device-001,563370
5403,3,2,4,0,device-001_563349,motionplay-device-001,563370
5406,1,1,2,0,device-001_563349,motionplay-device-001,563370
5406,1,2,4,0,device-001_563349,motionplay-device-001,563370
5406,2,1,2,0,device-001_563349,motionplay-device-001,563370
5406,2,2,4,0,device-001_563349,motionplay-device-001,563370
5406,3,1,4,0,device-001_563349,motionplay-device-001,563370
5406,3,2,4,0,device-001_563349,motionplay-device-001,563370
5408,1,1,2,0,device-001_563349,motionplay-device-001,563370
5408,1,2,4,0,device-001_563349,motionplay-device-001,563370
5408,2,1,2,0,device-001_563349,motionplay-device-001,563370
5408,2,2,4,0,device-001_563349,motionplay-device-001,563370
5408,3,1,4,0,device-001_563349,motionplay-device-001,563370
5408,3,2,4,0,device-001_563349,motionplay-device-001,563370
5410,1,1,2,0,device-001_563349,motionplay-device-001,563370
5410,1,2,3,0,device-001_563349,motionplay-device-001,563370
5410,2,1,2,0,device-001_563349,motionplay-device-001,563370
5410,2,2,3,0,device-001_563349,motionplay-device-001,563370
5410,3,1,4,0,device-001_563349,motionplay-device-001,563370
5410,3,2,4,0,device-001_563349,motionplay-device-001,563370
5412,1,1,2,0,device-001_563349,motionplay-device-001,563370
5412,1,2,3,0,device-001_563349,motionplay-device-001,563370
5412,2,1,2,0,device-001_563349,motionplay-device-001,563370
5412,2,2,3,0,device-001_563349,motionplay-device-001,563370
5412,3,1,4,0,device-001_563349,motionplay-device-001,563370
5412,3,2,4,0,device-001_563349,motionplay-device-001,563370
5414,1,1,2,0,device-001_563349,motionplay-device-001,563370
5414,1,2,3,0,device-001_563349,motionplay-device-001,563370
5414,2,1,2,0,device-001_563349,motionplay-device-001,563370
5414,2,2,3,0,device-001_563349,motionplay-device-001,563370
5414,3,1,4,0,device-001_563349,motionplay-device-001,563370
5414,3,2,4,0,device-001_563349,motionplay-device-001,563370
5416,1,1,2,0,device-001_563349,motionplay-device-001,563370
5416,1,2,3,0,device-001_563349,motionplay-device-001,563370
5416,2,1,2,0,device-001_563349,motionplay-device-001,563370
5416,2,2,3,0,device-001_563349,motionplay-device-001,563370
5416,3,1,4,0,device-001_563349,motionplay-device-001,563370
5416,3,2,4,0,device-001_563349,motionplay-device-001,563370
5419,1,1,2,0,device-001_563349,motionplay-device-001,563370
5419,1,2,3,0,device-001_563349,motionplay-device-001,563370
5419,2,1,2,0,device-001_563349,motionplay-device-001,563370
5419,2,2,3,0,device-001_563349,motionplay-device-001,563370
5419,3,1,4,0,device-001_563349,motionplay-device-001,563370
5419,3,2,4,0,device-001_563349,motionplay-device-001,563370
5421,1,1,3,0,device-001_563349,motionplay-device-001,563370
5421,1,2,3,0,device-001_563349,motionplay-device-001,563370
5421,2,1,2,0,device-001_563349,motionplay-device-001,563370
5421,2,2,3,0,device-001_563349,motionplay-device-001,563370
5421,3,1,4,0,device-001_563349,motionplay-device-001,563370
5421,3,2,4,0,device-001_563349,motionplay-device-001,563370
5423,1,1,3,0,device-001_563349,motionplay-device-001,563370
5423,1,2,3,0,device-001_563349,motionplay-device-001,563370
5423,2,1,2,0,device-001_563349,motionplay-device-001,563370
5423,2,2,3,0,device-001_563349,motionplay-device-001,563370
5423,3,1,4,0,device-001_563349,motionplay-device-001,563370
5423,3,2,4,0,device-001_563349,motionplay-device-001,563370
5425,1,1,3,0,device-001_563349,motionplay-device-001,563370
5425,1,2,3,0,device-001_563349,motionplay-device-001,563370
5425,2,1,2,0,device-001_563349,motionplay-device-001,563370
5425,2,2,3,0,device-001_563349,motionplay-device-001,563370
5425,3,1,4,0,device-001_563349,motionplay-device-001,563370
5425,3,2,4,0,device-001_563349,motionplay-device-001,563370
5427,1,1,3,0,device-001_563349,motionplay-device-001,563370
5427,1,2,3,0,device-001_563349,motionplay-device-001,563370
5427,2,1,2,0,device-001_563349,motionplay-device-001,563370
5427,2,2,3,0,device-001_563349,motionplay-device-001,563370
5427,3,1,4,0,device-001_563349,motionplay-device-001,563370
5427,3,2,4,0,device-001_563349,motionplay-device-001,563370
5429,1,1,3,0,device-001_563349,motionplay-device-001,563370
5429,1,2,1,0,device-001_563349,motionplay-device-001,563370
5429,2,1,2,0,device-001_563349,motionplay-device-001,563370
5429,2,2,3,0,device-001_563349,motionplay-device-001,563370
5429,3,1,4,0,device-001_563349,motionplay-device-001,563370
5429,3,2,4,0,device-001_563349,motionplay-device-001,563370
5431,1,1,3,0,device-001_563349,motionplay-device-001,563370
5431,1,2,1,0,device-001_563349,motionplay-device-001,563370
5431,2,1,2,0,device-001_563349,motionplay-device-001,563370
5431,2,2,2,0,device-001_563349,motionplay-device-001,563370
5431,3,1,4,0,device-001_563349,motionplay-device-001,563370
5431,3,2,4,0,device-001_563349,motionplay-device-001,563370
5434,1,1,3,0,device-001_563349,motionplay-device-001,563370
5434,1,2,1,0,device-001_563349,motionplay-device-001,563370
5434,2,1,2,0,device-001_563349,motionplay-device-001,563370
5434,2,2,2,0,device-001_563349,motionplay-device-001,563370
5434,3,1,4,0,device-001_563349,motionplay-device-001,563370
5434,3,2,4,0,device-001_563349,motionplay-device-001,563370
5436,1,1,3,0,device-001_563349,motionplay-device-001,563370
5436,1,2,1,0,device-001_563349,motionplay-device-001,563370
5436,2,1,2,0,device-001_563349,motionplay-device-001,563370
5436,2,2,2,0,device-001_563349,motionplay-device-001,563370
5436,3,1,4,0,device-001_563349,motionplay-device-001,563370
5436,3,2,4,0,device-001_563349,motionplay-device-001,563370
5438,1,1,3,0,device-001_563349,motionplay-device-001,563370
5438,1,2,1,0,device-001_563349,motionplay-device-001,563370
5438,2,1,2,0,device-001_563349,motionplay-device-001,563370
5438,2,2,2,0,device-001_563349,motionplay-device-001,563370
5438,3,1,4,0,device-001_563349,motionplay-device-001,563370
5438,3,2,4,0,device-001_563349,motionplay-device-001,563370
5440,1,1,3,0,device-001_563349,motionplay-device-001,563370
5440,1,2,1,0,device-001_563349,motionplay-device-001,563370
5440,2,1,2,0,device-001_563349,motionplay-device-001,563370
5440,2,2,2,0,device-001_563349,motionplay-device-001,563370
5440,3,1,4,0,device-001_563349,motionplay-device-001,563370
5440,3,2,4,0,device-001_563349,motionplay-device-001,563370
5442,1,1,3,0,device-001_563349,motionplay-device-001,563370
5442,1,2,1,0,device-001_563349,motionplay-device-001,563370
5442,2,1,2,0,device-001_563349,motionplay-device-001,563370
5442,2,2,2,0,device-001_563349,motionplay-device-001,563370
5442,3,1,4,0,device-001_563349,motionplay-device-001,563370
5442,3,2,4,0,device-001_563349,motionplay-device-001,563370
5444,1,1,3,0,device-001_563349,motionplay-device-001,563370
5444,1,2,1,0,device-001_563349,motionplay-device-001,563370
5444,2,1,1,0,device-001_563349,motionplay-device-001,563370
5444,2,2,2,0,device-001_563349,motionplay-device-001,563370
5444,3,1,4,0,device-001_563349,motionplay-device-001,563370
5444,3,2,4,0,device-001_563349,motionplay-device-001,563370
5447,1,1,3,0,device-001_563349,motionplay-device-001,563370
5447,1,2,3,0,device-001_563349,motionplay-device-001,563370
5447,2,1,1,0,device-001_563349,motionplay-device-001,563370
5447,2,2,2,0,device-001_563349,motionplay-device-001,563370
5447,3,1,4,0,device-001_563349,motionplay-device-001,563370
5447,3,2,2,0,device-001_563349,motionplay-device-001,563370
5449,1,1,3,0,device-001_563349,motionplay-device-001,563370
5449,1,2,3,0,device-001_563349,motionplay-device-001,563370
5449,2,1,1,0,device-001_563349,motionplay-device-001,563370
5449,2,2,2,0,device-001_563349,motionplay-device-001,563370
5449,3,1,4,0,device-001_563349,motionplay-device-001,563370
5449,3,2,2,0,device-001_563349,motionplay-device-001,563370
5451,1,1,3,0,device-001_563349,motionplay-device-001,563370
5451,1,2,3,0,device-001_563349,motionplay-device-001,563370
5451,2,1,1,0,device-001_563349,motionplay-device-001,563370
5451,2,2,2,0,device-001_563349,motionplay-device-001,563370
5451,3,1,4,0,device-001_563349,motionplay-device-001,563370
5451,3,2,2,0,device-001_563349,motionplay-device-001,563370
5453,1,1,3,0,device-001_563349,motionplay-device-001,563370
5453,1,2,3,0,device-001_563349,motionplay-device-001,563370
5453,2,1,1,0,device-001_563349,motionplay-device-001,563370
5453,2,2,2,0,device-001_563349,motionplay-device-001,563370
5453,3,1,4,0,device-001_563349,motionplay-device-001,563370
5453,3,2,2,0,device-001_563349,motionplay-device-001,563370
5455,1,1,3,0,device-001_563349,motionplay-device-001,563370
5455,1,2,3,0,device-001_563349,motionplay-device-001,563370
5455,2,1,1,0,device-001_563349,motionplay-device-001,563370
5455,2,2,2,0,device-001_563349,motionplay-device-001,563370
5455,3,1,4,0,device-001_563349,motionplay-device-001,563370
5455,3,2,2,0,device-001_563349,motionplay-device-001,563370
5458,1,1,3,0,device-001_563349,motionplay-device-001,563370
5458,1,2,3,0,device-001_563349,motionplay-device-001,563370
5458,2,1,1,0,device-001_563349,motionplay-device-001,563370
5458,2,2,2,0,device-001_563349,motionplay-device-001,563370
5458,3,1,4,0,device-001_563349,motionplay-device-001,563370
5458,3,2,2,0,device-001_563349,motionplay-device-001,563370
5460,1,1,3,0,device-001_563349,motionplay-device-001,563370
5460,1,2,3,0,device-001_563349,motionplay-device-001,563370
5460,2,1,1,0,device-001_563349,motionplay-device-001,563370
5460,2,2,2,0,device-001_563349,motionplay-device-001,563370
5460,3,1,4,0,device-001_563349,motionplay-device-001,563370
5460,3,2,2,0,device-001_563349,motionplay-device-001,563370
5462,1,1,3,0,device-001_563349,motionplay-device-001,563370
5462,1,2,3,0,device-001_563349,motionplay-device-001,563370
5462,2,1,1,0,device-001_563349,motionplay-device-001,563370
5462,2,2,2,0,device-001_563349,motionplay-device-001,563370
5462,3,1,4,0,device-001_563349,motionplay-device-001,563370
5462,3,2,2,0,device-001_563349,motionplay-device-001,563370
5464,1,1,3,0,device-001_563349,motionplay-device-001,563370
5464,1,2,3,0,device-001_563349,motionplay-device-001,563370
5464,2,1,2,0,device-001_563349,motionplay-device-001,563370
5464,2,2,2,0,device-001_563349,motionplay-device-001,563370
5464,3,1,4,0,device-001_563349,motionplay-device-001,563370
5464,3,2,2,0,device-001_563349,motionplay-device-001,563370
5466,1,1,3,0,device-001_563349,motionplay-device-001,563370
5466,1,2,2,0,device-001_563349,motionplay-device-001,563370
5466,2,1,2,0,device-001_563349,motionplay-device-001,563370
5466,2,2,2,0,device-001_563349,motionplay-device-001,563370
5466,3,1,4,0,device-001_563349,motionplay-device-001,563370
5466,3,2,4,0,device-001_563349,motionplay-device-001,563370
5468,1,1,3,0,device-001_563349,motionplay-device-001,563370
5468,1,2,2,0,device-001_563349,motionplay-device-001,563370
5468,2,1,2,0,device-001_563349,motionplay-device-001,563370
5468,2,2,2,0,device-001_563349,motionplay-device-001,563370
5468,3,1,4,0,device-001_563349,motionplay-device-001,563370
5468,3,2,4,0,device-001_563349,motionplay-device-001,563370
5471,1,1,3,0,device-001_563349,motionplay-device-001,563370
5471,1,2,2,0,device-001_563349,motionplay-device-001,563370
5471,2,1,2,0,device-001_563349,motionplay-device-001,563370
5471,2,2,2,0,device-001_563349,motionplay-device-001,563370
5471,3,1,4,0,device-001_563349,motionplay-device-001,563370
5471,3,2,4,0,device-001_563349,motionplay-device-001,563370
5473,1,1,3,0,device-001_563349,motionplay-device-001,563370
5473,1,2,2,0,device-001_563349,motionplay-device-001,563370
5473,2,1,2,0,device-001_563349,motionplay-device-001,563370
5473,2,2,2,0,device-001_563349,motionplay-device-001,563370
5473,3,1,4,0,device-001_563349,motionplay-device-001,563370
5473,3,2,4,0,device-001_563349,motionplay-device-001,563370
5475,1,1,3,0,device-001_563349,motionplay-device-001,563370
5475,1,2,2,0,device-001_563349,motionplay-device-001,563370
5475,2,1,2,0,device-001_563349,motionplay-device-001,563370
5475,2,2,2,0,device-001_563349,motionplay-device-001,563370
5475,3,1,4,0,device-001_563349,motionplay-device-001,563370
5475,3,2,4,0,device-001_563349,motionplay-device-001,563370
5477,1,1,3,0,device-001_563349,motionplay-device-001,563370
5477,1,2,2,0,device-001_563349,motionplay-device-001,563370
5477,2,1,2,0,device-001_563349,motionplay-device-001,563370
5477,2,2,2,0,device-001_563349,motionplay-device-001,563370
5477,3,1,4,0,device-001_563349,motionplay-device-001,563370
5477,3,2,4,0,device-001_563349,motionplay-device-001,563370
5479,1,1,3,0,device-001_563349,motionplay-device-001,563370
5479,1,2,2,0,device-001_563349,motionplay-device-001,563370
5479,2,1,2,0,device-001_563349,motionplay-device-001,563370
5479,2,2,2,0,device-001_563349,motionplay-device-001,563370
5479,3,1,4,0,device-001_563349,motionplay-device-001,563370
5479,3,2,4,0,device-001_563349,motionplay-device-001,563370
5481,1,1,3,0,device-001_563349,motionplay-device-001,563370
5481,1,2,2,0,device-001_563349,motionplay-device-001,563370
5481,2,1,2,0,device-001_563349,motionplay-device-001,563370
5481,2,2,2,0,device-001_563349,motionplay-device-001,563370
5481,3,1,4,0,device-001_563349,motionplay-device-001,563370
5481,3,2,4,0,device-001_563349,motionplay-device-001,563370
5483,1,1,3,0,device-001_563349,motionplay-device-001,563370
5483,1,2,0,0,device-001_563349,motionplay-device-001,563370
5483,2,1,2,0,device-001_563349,motionplay-device-001,563370
5483,2,2,2,0,device-001_563349,motionplay-device-001,563370
5483,3,1,4,0,device-001_563349,motionplay-device-001,563370
5483,3,2,4,0,device-001_563349,motionplay-device-001,563370
5486,1,1,3,0,device-001_563349,motionplay-device-001,563370
5486,1,2,0,0,device-001_563349,motionplay-device-001,563370
5486,2,1,2,0,device-001_563349,motionplay-device-001,563370
5486,2,2,2,0,device-001_563349,motionplay-device-001,563370
5486,3,1,4,0,device-001_563349,motionplay-device-001,563370
5486,3,2,4,0,device-001_563349,motionplay-device-001,563370
5488,1,1,3,0,device-001_563349,motionplay-device-001,563370
5488,1,2,0,0,device-001_563349,motionplay-device-001,563370
5488,2,1,2,0,device-001_563349,motionplay-device-001,563370
5488,2,2,2,0,device-001_563349,motionplay-device-001,563370
5488,3,1,4,0,device-001_563349,motionplay-device-001,563370
5488,3,2,4,0,device-001_563349,motionplay-device-001,563370
5490,1,1,3,0,device-001_563349,motionplay-device-001,563370
5490,1,2,0,0,device-001_563349,motionplay-device-001,563370
5490,2,1,2,0,device-001_563349,motionplay-device-001,563370
5490,2,2,2,0,device-001_563349,motionplay-device-001,563370
5490,3,1,4,0,device-001_563349,motionplay-device-001,563370
5490,3,2,4,0,device-001_563349,motionplay-device-001,563370
5492,1,1,3,0,device-001_563349,motionplay-device-001,563370
5492,1,2,0,0,device-001_563349,motionplay-device-001,563370
5492,2,1,2,0,device-001_563349,motionplay-device-001,563370
5492,2,2,1,0,device-001_563349,motionplay-device-001,563370
5492,3,1,4,0,device-001_563349,motionplay-device-001,563370
5492,3,2,4,0,device-001_563349,motionplay-device-001,563370
5495,1,1,3,0,device-001_563349,motionplay-device-001,563370
5495,1,2,0,0,device-001_563349,motionplay-device-001,563370
5495,2,1,2,0,device-001_563349,motionplay-device-001,563370
5495,2,2,1,0,device-001_563349,motionplay-device-001,563370
5495,3,1,4,0,device-001_563349,motionplay-device-001,563370
5495,3,2,4,0,device-001_563349,motionplay-device-001,563370
5498,1,1,3,0,device-001_563349,motionplay-device-001,563370
5498,1,2,0,0,device-001_563349,motionplay-device-001,563370
5498,2,1,2,0,device-001_563349,motionplay-device-001,563370
5498,2,2,1,0,device-001_563349,motionplay-device-001,563370
5498,3,1,4,0,device-001_563349,motionplay-device-001,563370
5498,3,2,4,0,device-001_563349,motionplay-device-001,563370
5500,1,1,3,0,device-001_563349,motionplay-device-001,563370
5500,1,2,0,0,device-001_563349,motionplay-device-001,563370
5500,2,1,2,0,device-001_563349,motionplay-device-001,563370
5500,2,2,1,0,device-001_563349,motionplay-device-001,563370
5500,3,1,4,0,device-001_563349,motionplay-device-001,563370
5500,3,2,4,0,device-001_563349,motionplay-device-001,563370
5502,1,1,3,0,device-001_563349,motionplay-device-001,563370
5502,1,2,3,0,device-001_563349,motionplay-device-001,563370
5502,2,1,2,0,device-001_563349,motionplay-device-001,563370
5502,2,2,1,0,device-001_563349,motionplay-device-001,563370
5502,3,1,4,0,device-001_563349,motionplay-device-001,563370
5502,3,2,4,0,device-001_563349,motionplay-device-001,563370
5504,1,1,3,0,device-001_563349,motionplay-device-001,563370
5504,1,2,3,0,device-001_563349,motionplay-device-001,563370
5504,2,1,0,0,device-001_563349,motionplay-device-001,563370
5504,2,2,1,0,device-001_563349,motionplay-device-001,563370
5504,3,1,4,0,device-001_563349,motionplay-device-001,563370
5504,3,2,4,0,device-001_563349,motionplay-device-001,563370
5507,1,1,3,0,device-001_563349,motionplay-device-001,563370
5507,1,2,3,0,device-001_563349,motionplay-device-001,563370
5507,2,1,0,0,device-001_563349,motionplay-device-001,563370
5507,2,2,1,0,device-001_563349,motionplay-device-001,563370
5507,3,1,4,0,device-001_563349,motionplay-device-001,563370
5507,3,2,4,0,device-001_563349,motionplay-device-001,563370
5509,1,1,3,0,device-001_563349,motionplay-device-001,563370
5509,1,2,3,0,device-001_563349,motionplay-device-001,563370
5509,2,1,0,0,device-001_563349,motionplay-device-001,563370
5509,2,2,1,0,device-001_563349,motionplay-device-001,563370
5509,3,1,4,0,device-001_563349,motionplay-device-001,563370
5509,3,2,4,0,device-001_563349,motionplay-device-001,563370
5511,1,1,3,0,device-001_563349,motionplay-device-001,563370
5511,1,2,3,0,device-001_563349,motionplay-device-001,563370
5511,2,1,0,0,device-001_563349,motionplay-device-001,563370
5511,2,2,2,0,device-001_563349,motionplay-device-001,563370
5511,3,1,4,0,device-001_563349,motionplay-device-001,563370
5511,3,2,4,0,device-001_563349,motionplay-device-001,563370
5513,1,1,3,0,device-001_563349,motionplay-device-001,563370
5513,1,2,3,0,device-001_563349,motionplay-device-001,563370
5513,2,1,0,0,device-001_563349,motionplay-device-001,563370
5513,2,2,2,0,device-001_563349,motionplay-device-001,563370
5513,3,1,4,0,device-001_563349,motionplay-device-001,563370
5513,3,2,4,0,device-001_563349,motionplay-device-001,563370
5515,1,1,3,0,device-001_563349,motionplay-device-001,563370
5515,1,2,3,0,device-001_563349,motionplay-device-001,563370
5515,2,1,0,0,device-001_563349,motionplay-device-001,563370
5515,2,2,2,0,device-001_563349,motionplay-device-001,563370
5515,3,1,4,0,device-001_563349,motionplay-device-001,563370
5515,3,2,4,0,device-001_563349,motionplay-device-001,563370
5517,1,1,3,0,device-001_563349,motionplay-device-001,563370
5517,1,2,3,0,device-001_563349,motionplay-device-001,563370
5517,2,1,0,0,device-001_563349,motionplay-device-001,563370
5517,2,2,2,0,device-001_563349,motionplay-device-001,563370
5517,3,1,4,0,device-001_563349,motionplay-device-001,563370
5517,3,2,4,0,device-001_563349,motionplay-device-001,563370
5519,1,1,3,0,device-001_563349,motionplay-device-001,563370
5519,1,2,3,0,device-001_563349,motionplay-device-001,563370
5519,2,1,0,0,device-001_563349,motionplay-device-001,563370
5519,2,2,2,0,device-001_563349,motionplay-device-001,563370
5519,3,1,4,0,device-001_563349,motionplay-device-001,563370
5519,3,2,4,0,device-001_563349,motionplay-device-001,563370
5522,1,1,4,0,device-001_563349,motionplay-device-001,563370
5522,1,2,2,0,device-001_563349,motionplay-device-001,563370
5522,2,1,0,0,device-001_563349,motionplay-device-001,563370
5522,2,2,2,0,device-001_563349,motionplay-device-001,563370
5522,3,1,4,0,device-001_563349,motionplay-device-001,563370
5522,3,2,4,0,device-001_563349,motionplay-device-001,563370
5524,1,1,4,0,device-001_563349,motionplay-device-001,563370
5524,1,2,2,0,device-001_563349,motionplay-device-001,563370
5524,2,1,2,0,device-001_563349,motionplay-device-001,563370
5524,2,2,2,0,device-001_563349,motionplay-device-001,563370
5524,3,1,4,0,device-001_563349,motionplay-device-001,563370
5524,3,2,4,0,device-001_563349,motionplay-device-001,563370
5526,1,1,4,0,device-001_563349,motionplay-device-001,563370
5526,1,2,2,0,device-001_563349,motionplay-device-001,563370
5526,2,1,2,0,device-001_563349,motionplay-device-001,563370
5526,2,2,2,0,device-001_563349,motionplay-device-001,563370
5526,3,1,4,0,device-001_563349,motionplay-device-001,563370
5526,3,2,4,0,device-001_563349,motionplay-device-001,563370
5528,1,1,4,0,device-001_563349,motionplay-device-001,563370
5528,1,2,2,0,device-001_563349,motionplay-device-001,563370
5528,2,1,2,0,device-001_563349,motionplay-device-001,563370
5528,2,2,2,0,device-001_563349,motionplay-device-001,563370
5528,3,1,4,0,device-001_563349,motionplay-device-001,563370
5528,3,2,4,0,device-001_563349,motionplay-device-001,563370
5530,1,1,4,0,device-001_563349,motionplay-device-001,563370
5530,1,2,2,0,device-001_563349,motionplay-device-001,563370
5530,2,1,2,0,device-001_563349,motionplay-device-001,563370
5530,2,2,2,0,device-001_563349,motionplay-device-001,563370
5530,3,1,4,0,device-001_563349,motionplay-device-001,563370
5530,3,2,4,0,device-001_563349,motionplay-device-001,563370
5532,1,1,4,0,device-001_563349,motionplay-device-001,563370
5532,1,2,2,0,device-001_563349,motionplay-device-001,563370
5532,2,1,2,0,device-001_563349,motionplay-device-001,563370
5532,2,2,1,0,device-001_563349,motionplay-device-001,563370
5532,3,1,4,0,device-001_563349,motionplay-device-001,563370
5532,3,2,4,0,device-001_563349,motionplay-device-001,563370
5535,1,1,4,0,device-001_563349,motionplay-device-001,563370
5535,1,2,2,0,device-001_563349,motionplay-device-001,563370
5535,2,1,2,0,device-001_563349,motionplay-device-001,563370
5535,2,2,1,0,device-001_563349,motionplay-device-001,563370
5535,3,1,4,0,device-001_563349,motionplay-device-001,563370
5535,3,2,4,0,device-001_563349,motionplay-device-001,563370
5537,1,1,4,0,device-001_563349,motionplay-device-001,563370
5537,1,2,2,0,device-001_563349,motionplay-device-001,563370
5537,2,1,2,0,device-001_563349,motionplay-device-001,563370
5537,2,2,1,0,device-001_563349,motionplay-device-001,563370
5537,3,1,4,0,device-001_563349,motionplay-device-001,563370
5537,3,2,4,0,device-001_563349,motionplay-device-001,563370
5539,1,1,4,0,device-001_563349,motionplay-device-001,563370
5539,1,2,2,0,device-001_563349,motionplay-device-001,563370
5539,2,1,2,0,device-001_563349,motionplay-device-001,563370
5539,2,2,1,0,device-001_563349,motionplay-device-001,563370
5539,3,1,4,0,device-001_563349,motionplay-device-001,563370
5539,3,2,4,0,device-001_563349,motionplay-device-001,563370
5541,1,1,3,0,device-001_563349,motionplay-device-001,563370
5541,1,2,2,0,device-001_563349,motionplay-device-001,563370
5541,2,1,2,0,device-001_563349,motionplay-device-001,563370
5541,2,2,1,0,device-001_563349,motionplay-device-001,563370
5541,3,1,4,0,device-001_563349,motionplay-device-001,563370
5541,3,2,4,0,device-001_563349,motionplay-device-001,563370
5543,1,1,3,0,device-001_563349,motionplay-device-001,563370
5543,1,2,2,0,device-001_563349,motionplay-device-001,563370
5543,2,1,2,0,device-001_563349,motionplay-device-001,563370
5543,2,2,1,0,device-001_563349,motionplay-device-001,563370
5543,3,1,4,0,device-001_563349,motionplay-device-001,563370
5543,3,2,4,0,device-001_563349,motionplay-device-001,563370
5545,1,1,3,0,device-001_563349,motionplay-device-001,563370
5545,1,2,2,0,device-001_563349,motionplay-device-001,563370
5545,2,1,2,0,device-001_563349,motionplay-device-001,563370
5545,2,2,1,0,device-001_563349,motionplay-device-001,563370
5545,3,1,4,0,device-001_563349,motionplay-device-001,563370
5545,3,2,4,0,device-001_563349,motionplay-device-001,563370
5547,1,1,3,0,device-001_563349,motionplay-device-001,563370
5547,1,2,2,0,device-001_563349,motionplay-device-001,563370
5547,2,1,2,0,device-001_563349,motionplay-device-001,563370
5547,2,2,1,0,device-001_563349,motionplay-device-001,563370
5547,3,1,4,0,device-001_563349,motionplay-device-001,563370
5547,3,2,4,0,device-001_563349,motionplay-device-001,563370
5550,1,1,3,0,device-001_563349,motionplay-device-001,563370
5550,1,2,2,0,device-001_563349,motionplay-device-001,563370
5550,2,1,2,0,device-001_563349,motionplay-device-001,563370
5550,2,2,1,0,device-001_563349,motionplay-device-001,563370
5550,3,1,4,0,device-001_563349,motionplay-device-001,563370
5550,3,2,4,0,device-001_563349,motionplay-device-001,563370
5552,1,1,3,0,device-001_563349,motionplay-device-001,563370
5552,1,2,2,0,device-001_563349,motionplay-device-001,563370
5552,2,1,2,0,device-001_563349,motionplay-device-001,563370
5552,2,2,2,0,device-001_563349,motionplay-device-001,563370
5552,3,1,4,0,device-001_563349,motionplay-device-001,563370
5552,3,2,4,0,device-001_563349,motionplay-device-001,563370
5554,1,1,3,0,device-001_563349,motionplay-device-001,563370
5554,1,2,2,0,device-001_563349,motionplay-device-001,563370
5554,2,1,2,0,device-001_563349,motionplay-device-001,563370
5554,2,2,2,0,device-001_563349,motionplay-device-001,563370
5554,3,1,4,0,device-001_563349,motionplay-device-001,563370
5554,3,2,4,0,device-001_563349,motionplay-device-001,563370
5556,1,1,3,0,device-001_563349,motionplay-device-001,563370
5556,1,2,2,0,device-001_563349,motionplay-device-001,563370
5556,2,1,2,0,device-001_563349,motionplay-device-001,563370
5556,2,2,2,0,device-001_563349,motionplay-device-001,563370
5556,3,1,4,0,device-001_563349,motionplay-device-001,563370
5556,3,2,4,0,device-001_563349,motionplay-device-001,563370
5558,1,1,3,0,device-001_563349,motionplay-device-001,563370
5558,1,2,3,0,device-001_563349,motionplay-device-001,563370
5558,2,1,2,0,device-001_563349,motionplay-device-001,563370
5558,2,2,2,0,device-001_563349,motionplay-device-001,563370
5558,3,1,4,0,device-001_563349,motionplay-device-001,563370
5558,3,2,4,0,device-001_563349,motionplay-device-001,563370
5560,1,1,3,0,device-001_563349,motionplay-device-001,563370
5560,1,2,3,0,device-001_563349,motionplay-device-001,563370
5560,2,1,2,0,device-001_563349,motionplay-device-001,563370
5560,2,2,2,0,device-001_563349,motionplay-device-001,563370
5560,3,1,4,0,device-001_563349,motionplay-device-001,563370
5560,3,2,4,0,device-001_563349,motionplay-device-001,563370
5563,1,1,3,0,device-001_563349,motionplay-device-001,563370
5563,1,2,3,0,device-001_563349,motionplay-device-001,563370
5563,2,1,2,0,device-001_563349,motionplay-device-001,563370
5563,2,2,2,0,device-001_563349,motionplay-device-001,563370
5563,3,1,4,0,device-001_563349,motionplay-device-001,563370
5563,3,2,4,0,device-001_563349,motionplay-device-001,563370
5565,1,1,3,0,device-001_563349,motionplay-device-001,563370
5565,1,2,3,0,device-001_563349,motionplay-device-001,563370
5565,2,1,2,0,device-001_563349,motionplay-device-001,563370
5565,2,2,2,0,device-001_563349,motionplay-device-001,563370
5565,3,1,4,0,device-001_563349,motionplay-device-001,563370
5565,3,2,4,0,device-001_563349,motionplay-device-001,563370
5567,1,1,3,0,device-001_563349,motionplay-device-001,563370
5567,1,2,3,0,device-001_563349,motionplay-device-001,563370
5567,2,1,2,0,device-001_563349,motionplay-device-001,563370
5567,2,2,2,0,device-001_563349,motionplay-device-001,563370
5567,3,1,4,0,device-001_563349,motionplay-device-001,563370
5567,3,2,4,0,device-001_563349,motionplay-device-001,563370
5569,1,1,3,0,device-001_563349,motionplay-device-001,563370
5569,1,2,3,0,device-001_563349,motionplay-device-001,563370
5569,2,1,2,0,device-001_563349,motionplay-device-001,563370
5569,2,2,2,0,device-001_563349,motionplay-device-001,563370
5569,3,1,4,0,device-001_563349,motionplay-device-001,563370
5569,3,2,4,0,device-001_563349,motionplay-device-001,563370
5571,1,1,3,0,device-001_563349,motionplay-device-001,563370
5571,1,2,3,0,device-001_563349,motionplay-device-001,563370
5571,2,1,2,0,device-001_563349,motionplay-device-001,563370
5571,2,2,7,0,device-001_563349,motionplay-device-001,563370
5571,3,1,3,0,device-001_563349,motionplay-device-001,563370
5571,3,2,4,0,device-001_563349,motionplay-device-001,563370
5573,1,1,3,0,device-001_563349,motionplay-device-001,563370
5573,1,2,3,0,device-001_563349,motionplay-device-001,563370
5573,2,1,2,0,device-001_563349,motionplay-device-001,563370
5573,2,2,7,0,device-001_563349,motionplay-device-001,563370
5573,3,1,3,0,device-001_563349,motionplay-device-001,563370
5573,3,2,4,0,device-001_563349,motionplay-device-001,563370
5575,1,1,3,0,device-001_563349,motionplay-device-001,563370
5575,1,2,3,0,device-001_563349,motionplay-device-001,563370
5575,2,1,2,0,device-001_563349,motionplay-device-001,563370
5575,2,2,7,0,device-001_563349,motionplay-device-001,563370
5575,3,1,3,0,device-001_563349,motionplay-device-001,563370
5575,3,2,4,0,device-001_563349,motionplay-device-001,563370
5578,1,1,3,0,device-001_563349,motionplay-device-001,563370
5578,1,2,3,0,device-001_563349,motionplay-device-001,563370
5578,2,1,2,0,device-001_563349,motionplay-device-001,563370
5578,2,2,7,0,device-001_563349,motionplay-device-001,563370
5578,3,1,3,0,device-001_563349,motionplay-device-001,563370
5578,3,2,4,0,device-001_563349,motionplay-device-001,563370
5580,1,1,3,0,device-001_563349,motionplay-device-001,563370
5580,1,2,3,0,device-001_563349,motionplay-device-001,563370
5580,2,1,2,0,device-001_563349,motionplay-device-001,563370
5580,2,2,7,0,device-001_563349,motionplay-device-001,563370
5580,3,1,3,0,device-001_563349,motionplay-device-001,563370
5580,3,2,4,0,device-001_563349,motionplay-device-001,563370
5582,1,1,3,0,device-001_563349,motionplay-device-001,563370
5582,1,2,3,0,device-001_563349,motionplay-device-001,563370
5582,2,1,2,0,device-001_563349,motionplay-device-001,563370
5582,2,2,7,0,device-001_563349,motionplay-device-001,563370
5582,3,1,3,0,device-001_563349,motionplay-device-001,563370
5582,3,2,4,0,device-001_563349,motionplay-device-001,563370
5584,1,1,3,0,device-001_563349,motionplay-device-001,563370
5584,1,2,3,0,device-001_563349,motionplay-device-001,563370
5584,2,1,2,0,device-001_563349,motionplay-device-001,563370
5584,2,2,7,0,device-001_563349,motionplay-device-001,563370
5584,3,1,3,0,device-001_563349,motionplay-device-001,563370
5584,3,2,4,0,device-001_563349,motionplay-device-001,563370
5586,1,1,3,0,device-001_563349,motionplay-device-001,563370
5586,1,2,3,0,device-001_563349,motionplay-device-001,563370
5586,2,1,2,0,device-001_563349,motionplay-device-001,563370
5586,2,2,7,0,device-001_563349,motionplay-device-001,563370
5586,3,1,3,0,device-001_563349,motionplay-device-001,563370
5586,3,2,4,0,device-001_563349,motionplay-device-001,563370
5588,1,1,3,0,device-001_563349,motionplay-device-001,563370
5588,1,2,3,0,device-001_563349,motionplay-device-001,563370
5588,2,1,2,0,device-001_563349,motionplay-device-001,563370
5588,2,2,7,0,device-001_563349,motionplay-device-001,563370
5588,3,1,3,0,device-001_563349,motionplay-device-001,563370
5588,3,2,4,0,device-001_563349,motionplay-device-001,563370
5591,1,1,3,0,device-001_563349,motionplay-device-001,563370
5591,1,2,3,0,device-001_563349,motionplay-device-001,563370
5591,2,1,2,0,device-001_563349,motionplay-device-001,563370
5591,2,2,7,0,device-001_563349,motionplay-device-001,563370
5591,3,1,4,0,device-001_563349,motionplay-device-001,563370
5591,3,2,4,0,device-001_563349,motionplay-device-001,563370
5593,1,1,3,0,device-001_563349,motionplay-device-001,563370
5593,1,2,3,0,device-001_563349,motionplay-device-001,563370
5593,2,1,2,0,device-001_563349,motionplay-device-001,563370
5593,2,2,0,0,device-001_563349,motionplay-device-001,563370
5593,3,1,4,0,device-001_563349,motionplay-device-001,563370
5593,3,2,4,0,device-001_563349,motionplay-device-001,563370
5595,1,1,3,0,device-001_563349,motionplay-device-001,563370
5595,1,2,3,0,device-001_563349,motionplay-device-001,563370
5595,2,1,2,0,device-001_563349,motionplay-device-001,563370
5595,2,2,0,0,device-001_563349,motionplay-device-001,563370
5595,3,1,4,0,device-001_563349,motionplay-device-001,563370
5595,3,2,4,0,device-001_563349,motionplay-device-001,563370
5597,1,1,3,0,device-001_563349,motionplay-device-001,563370
5597,1,2,3,0,device-001_563349,motionplay-device-001,563370
5597,2,1,2,0,device-001_563349,motionplay-device-001,563370
5597,2,2,0,0,device-001_563349,motionplay-device-001,563370
5597,3,1,4,0,device-001_563349,motionplay-device-001,563370
5597,3,2,4,0,device-001_563349,motionplay-device-001,563370
5599,1,1,3,0,device-001_563349,motionplay-device-001,563370
5599,1,2,3,0,device-001_563349,motionplay-device-001,563370
5599,2,1,2,0,device-001_563349,motionplay-device-001,563370
5599,2,2,0,0,device-001_563349,motionplay-device-001,563370
5599,3,1,4,0,device-001_563349,motionplay-device-001,563370
5599,3,2,4,0,device-001_563349,motionplay-device-001,563370
5601,1,1,3,0,device-001_563349,motionplay-device-001,563370
5601,1,2,3,0,device-001_563349,motionplay-device-001,563370
5601,2,1,1,0,device-001_563349,motionplay-device-001,563370
5601,2,2,0,0,device-001_563349,motionplay-device-001,563370
5601,3,1,4,0,device-001_563349,motionplay-device-001,563370
5601,3,2,4,0,device-001_563349,motionplay-device-001,563370
5604,1,1,3,0,device-001_563349,motionplay-device-001,563370
5604,1,2,3,0,device-001_563349,motionplay-device-001,563370
5604,2,1,1,0,device-001_563349,motionplay-device-001,563370
5604,2,2,0,0,device-001_563349,motionplay-device-001,563370
5604,3,1,4,0,device-001_563349,motionplay-device-001,563370
5604,3,2,4,0,device-001_563349,motionplay-device-001,563370
5606,1,1,3,0,device-001_563349,motionplay-device-001,563370
5606,1,2,3,0,device-001_563349,motionplay-device-001,563370
5606,2,1,1,0,device-001_563349,motionplay-device-001,563370
5606,2,2,0,0,device-001_563349,motionplay-device-001,563370
5606,3,1,4,0,device-001_563349,motionplay-device-001,563370
5606,3,2,4,0,device-001_563349,motionplay-device-001,563370
5608,1,1,3,0,device-001_563349,motionplay-device-001,563370
5608,1,2,3,0,device-001_563349,motionplay-device-001,563370
5608,2,1,1,0,device-001_563349,motionplay-device-001,563370
5608,2,2,0,0,device-001_563349,motionplay-device-001,563370
5608,3,1,4,0,device-001_563349,motionplay-device-001,563370
5608,3,2,4,0,device-001_563349,motionplay-device-001,563370
5610,1,1,3,0,device-001_563349,motionplay-device-001,563370
5610,1,2,3,0,device-001_563349,motionplay-device-001,563370
5610,2,1,1,0,device-001_563349,motionplay-device-001,563370
5610,2,2,0,0,device-001_563349,motionplay-device-001,563370
5610,3,1,4,0,device-001_563349,motionplay-device-001,563370
5610,3,2,4,0,device-001_563349,motionplay-device-001,563370
5612,1,1,3,0,device-001_563349,motionplay-device-001,563370
5612,1,2,3,0,device-001_563349,motionplay-device-001,563370
5612,2,1,1,0,device-001_563349,motionplay-device-001,563370
5612,2,2,2,0,device-001_563349,motionplay-device-001,563370
5612,3,1,4,0,device-001_563349,motionplay-device-001,563370
5612,3,2,4,0,device-001_563349,motionplay-device-001,563370
5614,1,1,3,0,device-001_563349,motionplay-device-001,563370
5614,1,2,3,0,device-001_563349,motionplay-device-001,563370
5614,2,1,1,0,device-001_563349,motionplay-device-001,563370
5614,2,2,2,0,device-001_563349,motionplay-device-001,563370
5614,3,1,4,0,device-001_563349,motionplay-device-001,563370
5614,3,2,4,0,device-001_563349,motionplay-device-001,563370
5616,1,1,3,0,device-001_563349,motionplay-device-001,563370
5616,1,2,3,0,device-001_563349,motionplay-device-001,563370
5616,2,1,1,0,device-001_563349,motionplay-device-001,563370
5616,2,2,2,0,device-001_563349,motionplay-device-001,563370
5616,3,1,4,0,device-001_563349,motionplay-device-001,563370
5616,3,2,4,0,device-001_563349,motionplay-device-001,563370
5619,1,1,3,0,device-001_563349,motionplay-device-001,563370
5619,1,2,3,0,device-001_563349,motionplay-device-001,563370
5619,2,1,1,0,device-001_563349,motionplay-device-001,563370
5619,2,2,2,0,device-001_563349,motionplay-device-001,563370
5619,3,1,4,0,device-001_563349,motionplay-device-001,563370
5619,3,2,4,0,device-001_563349,motionplay-device-001,563370
5621,1,1,3,0,device-001_563349,motionplay-device-001,563370
5621,1,2,3,0,device-001_563349,motionplay-device-001,563370
5621,2,1,1,0,device-001_563349,motionplay-device-001,563370
5621,2,2,2,0,device-001_563349,motionplay-device-001,563370
5621,3,1,4,0,device-001_563349,motionplay-device-001,563370
5621,3,2,4,0,device-001_563349,motionplay-device-001,563370
5623,1,1,3,0,device-001_563349,motionplay-device-001,563370
5623,1,2,3,0,device-001_563349,motionplay-device-001,563370
5623,2,1,0,0,device-001_563349,motionplay-device-001,563370
5623,2,2,2,0,device-001_563349,motionplay-device-001,563370
5623,3,1,4,0,device-001_563349,motionplay-device-001,563370
5623,3,2,4,0,device-001_563349,motionplay-device-001,563370
5625,1,1,3,0,device-001_563349,motionplay-device-001,563370
5625,1,2,3,0,device-001_563349,motionplay-device-001,563370
5625,2,1,0,0,device-001_563349,motionplay-device-001,563370
5625,2,2,2,0,device-001_563349,motionplay-device-001,563370
5625,3,1,4,0,device-001_563349,motionplay-device-001,563370
5625,3,2,4,0,device-001_563349,motionplay-device-001,563370
5627,1,1,3,0,device-001_563349,motionplay-device-001,563370
5627,1,2,3,0,device-001_563349,motionplay-device-001,563370
5627,2,1,0,0,device-001_563349,motionplay-device-001,563370
5627,2,2,2,0,device-001_563349,motionplay-device-001,563370
5627,3,1,4,0,device-001_563349,motionplay-device-001,563370
5627,3,2,4,0,device-001_563349,motionplay-device-001,563370
5629,1,1,3,0,device-001_563349,motionplay-device-001,563370
5629,1,2,3,0,device-001_563349,motionplay-device-001,563370
5629,2,1,0,0,device-001_563349,motionplay-device-001,563370
5629,2,2,2,0,device-001_563349,motionplay-device-001,563370
5629,3,1,4,0,device-001_563349,motionplay-device-001,563370
5629,3,2,4,0,device-001_563349,motionplay-device-001,563370
5632,1,1,3,0,device-001_563349,motionplay-device-001,563370
5632,1,2,3,0,device-001_563349,motionplay-device-001,563370
5632,2,1,0,0,device-001_563349,motionplay-device-001,563370
5632,2,2,3,0,device-001_563349,motionplay-device-001,563370
5632,3,1,4,0,device-001_563349,motionplay-device-001,563370
5632,3,2,4,0,device-001_563349,motionplay-device-001,563370
5634,1,1,3,0,device-001_563349,motionplay-device-001,563370
5634,1,2,2,0,device-001_563349,motionplay-device-001,563370
5634,2,1,0,0,device-001_563349,motionplay-device-001,563370
5634,2,2,3,0,device-001_563349,motionplay-device-001,563370
5634,3,1,4,0,device-001_563349,motionplay-device-001,563370
5634,3,2,4,0,device-001_563349,motionplay-device-001,563370
5636,1,1,3,0,device-001_563349,motionplay-device-001,563370
5636,1,2,2,0,device-001_563349,motionplay-device-001,563370
5636,2,1,0,0,device-001_563349,motionplay-device-001,563370
5636,2,2,3,0,device-001_563349,motionplay-device-001,563370
5636,3,1,4,0,device-001_563349,motionplay-device-001,563370
5636,3,2,4,0,device-001_563349,motionplay-device-001,563370
5638,1,1,3,0,device-001_563349,motionplay-device-001,563370
5638,1,2,2,0,device-001_563349,motionplay-device-001,563370
5638,2,1,0,0,device-001_563349,motionplay-device-001,563370
5638,2,2,3,0,device-001_563349,motionplay-device-001,563370
5638,3,1,4,0,device-001_563349,motionplay-device-001,563370
5638,3,2,4,0,device-001_563349,motionplay-device-001,563370
5640,1,1,3,0,device-001_563349,motionplay-device-001,563370
5640,1,2,2,0,device-001_563349,motionplay-device-001,563370
5640,2,1,0,0,device-001_563349,motionplay-device-001,563370
5640,2,2,3,0,device-001_563349,motionplay-device-001,563370
5640,3,1,4,0,device-001_563349,motionplay-device-001,563370
5640,3,2,4,0,device-001_563349,motionplay-device-001,563370
5642,1,1,5,0,device-001_563349,motionplay-device-001,563370
5642,1,2,2,0,device-001_563349,motionplay-device-001,563370
5642,2,1,1,0,device-001_563349,motionplay-device-001,563370
5642,2,2,3,0,device-001_563349,motionplay-device-001,563370
5642,3,1,4,0,device-001_563349,motionplay-device-001,563370
5642,3,2,4,0,device-001_563349,motionplay-device-001,563370
5644,1,1,5,0,device-001_563349,motionplay-device-001,563370
5644,1,2,2,0,device-001_563349,motionplay-device-001,563370
5644,2,1,1,0,device-001_563349,motionplay-device-001,563370
5644,2,2,3,0,device-001_563349,motionplay-device-001,563370
5644,3,1,4,0,device-001_563349,motionplay-device-001,563370
5644,3,2,4,0,device-001_563349,motionplay-device-001,563370
5647,1,1,5,0,device-001_563349,motionplay-device-001,563370
5647,1,2,2,0,device-001_563349,motionplay-device-001,563370
5647,2,1,1,0,device-001_563349,motionplay-device-001,563370
5647,2,2,3,0,device-001_563349,motionplay-device-001,563370
5647,3,1,4,0,device-001_563349,motionplay-device-001,563370
5647,3,2,4,0,device-001_563349,motionplay-device-001,563370
5649,1,1,5,0,device-001_563349,motionplay-device-001,563370
5649,1,2,2,0,device-001_563349,motionplay-device-001,563370
5649,2,1,1,0,device-001_563349,motionplay-device-001,563370
5649,2,2,3,0,device-001_563349,motionplay-device-001,563370
5649,3,1,4,0,device-001_563349,motionplay-device-001,563370
5649,3,2,4,0,device-001_563349,motionplay-device-001,563370
5651,1,1,5,0,device-001_563349,motionplay-device-001,563370
5651,1,2,2,0,device-001_563349,motionplay-device-001,563370
5651,2,1,1,0,device-001_563349,motionplay-device-001,563370
5651,2,2,3,0,device-001_563349,motionplay-device-001,563370
5651,3,1,4,0,device-001_563349,motionplay-device-001,563370
5651,3,2,4,0,device-001_563349,motionplay-device-001,563370
5653,1,1,5,0,device-001_563349,motionplay-device-001,563370
5653,1,2,3,0,device-001_563349,motionplay-device-001,563370
5653,2,1,1,0,device-001_563349,motionplay-device-001,563370
5653,2,2,1,0,device-001_563349,motionplay-device-001,563370
5653,3,1,4,0,device-001_563349,motionplay-device-001,563370
5653,3,2,4,0,device-001_563349,motionplay-device-001,563370
5655,1,1,5,0,device-001_563349,motionplay-device-001,563370
5655,1,2,3,0,device-001_563349,motionplay-device-001,563370
5655,2,1,1,0,device-001_563349,motionplay-device-001,563370
5655,2,2,1,0,device-001_563349,motionplay-device-001,563370
5655,3,1,4,0,device-001_563349,motionplay-device-001,563370
5655,3,2,4,0,device-001_563349,motionplay-device-001,563370
5657,1,1,5,0,device-001_563349,motionplay-device-001,563370
5657,1,2,3,0,device-001_563349,motionplay-device-001,563370
5657,2,1,1,0,device-001_563349,motionplay-device-001,563370
5657,2,2,1,0,device-001_563349,motionplay-device-001,563370
5657,3,1,4,0,device-001_563349,motionplay-device-001,563370
5657,3,2,4,0,device-001_563349,motionplay-device-001,563370
5659,1,1,5,0,device-001_563349,motionplay-device-001,563370
5659,1,2,3,0,device-001_563349,motionplay-device-001,563370
5659,2,1,1,0,device-001_563349,motionplay-device-001,563370
5659,2,2,1,0,device-001_563349,motionplay-device-001,563370
5659,3,1,4,0,device-001_563349,motionplay-device-001,563370
5659,3,2,4,0,device-001_563349,motionplay-device-001,563370
5662,1,1,7,0,device-001_563349,motionplay-device-001,563370
5662,1,2,3,0,device-001_563349,motionplay-device-001,563370
5662,2,1,4,0,device-001_563349,motionplay-device-001,563370
5662,2,2,1,0,device-001_563349,motionplay-device-001,563370
5662,3,1,4,0,device-001_563349,motionplay-device-001,563370
5662,3,2,4,0,device-001_563349,motionplay-device-001,563370
5664,1,1,7,0,device-001_563349,motionplay-device-001,563370
5664,1,2,3,0,device-001_563349,motionplay-device-001,563370
5664,2,1,4,0,device-001_563349,motionplay-device-001,563370
5664,2,2,1,0,device-001_563349,motionplay-device-001,563370
5664,3,1,4,0,device-001_563349,motionplay-device-001,563370
5664,3,2,4,0,device-001_563349,motionplay-device-001,563370
5666,1,1,7,0,device-001_563349,motionplay-device-001,563370
5666,1,2,3,0,device-001_563349,motionplay-device-001,563370
5666,2,1,4,0,device-001_563349,motionplay-device-001,563370
5666,2,2,1,0,device-001_563349,motionplay-device-001,563370
5666,3,1,4,0,device-001_563349,motionplay-device-001,563370
5666,3,2,4,0,device-001_563349,motionplay-device-001,563370
5668,1,1,7,0,device-001_563349,motionplay-device-001,563370
5668,1,2,3,0,device-001_563349,motionplay-device-001,563370
5668,2,1,4,0,device-001_563349,motionplay-device-001,563370
5668,2,2,1,0,device-001_563349,motionplay-device-001,563370
5668,3,1,4,0,device-001_563349,motionplay-device-001,563370
5668,3,2,4,0,device-001_563349,motionplay-device-001,563370
5670,1,1,7,0,device-001_563349,motionplay-device-001,563370
5670,1,2,3,0,device-001_563349,motionplay-device-001,563370
5670,2,1,4,0,device-001_563349,motionplay-device-001,563370
5670,2,2,1,0,device-001_563349,motionplay-device-001,563370
5670,3,1,4,0,device-001_563349,motionplay-device-001,563370
5670,3,2,4,0,device-001_563349,motionplay-device-001,563370
5672,1,1,7,0,device-001_563349,motionplay-device-001,563370
5672,1,2,3,0,device-001_563349,motionplay-device-001,563370
5672,2,1,4,0,device-001_563349,motionplay-device-001,563370
5672,2,2,1,0,device-001_563349,motionplay-device-001,563370
5672,3,1,4,0,device-001_563349,motionplay-device-001,563370
5672,3,2,4,0,device-001_563349,motionplay-device-001,563370
5675,1,1,7,0,device-001_563349,motionplay-device-001,563370
5675,1,2,3,0,device-001_563349,motionplay-device-001,563370
5675,2,1,4,0,device-001_563349,motionplay-device-001,563370
5675,2,2,1,0,device-001_563349,motionplay-device-001,563370
5675,3,1,4,0,device-001_563349,motionplay-device-001,563370
5675,3,2,4,0,device-001_563349,motionplay-device-001,563370
5677,1,1,7,0,device-001_563349,motionplay-device-001,563370
5677,1,2,3,0,device-001_563349,motionplay-device-001,563370
5677,2,1,4,0,device-001_563349,motionplay-device-001,563370
5677,2,2,1,0,device-001_563349,motionplay-device-001,563370
5677,3,1,4,0,device-001_563349,motionplay-device-001,563370
5677,3,2,4,0,device-001_563349,motionplay-device-001,563370
5679,1,1,7,0,device-001_563349,motionplay-device-001,563370
5679,1,2,3,0,device-001_563349,motionplay-device-001,563370
5679,2,1,4,0,device-001_563349,motionplay-device-001,563370
5679,2,2,1,0,device-001_563349,motionplay-device-001,563370
5679,3,1,4,0,device-001_563349,motionplay-device-001,563370
5679,3,2,4,0,device-001_563349,motionplay-device-001,563370
5681,1,1,7,0,device-001_563349,motionplay-device-001,563370
5681,1,2,3,0,device-001_563349,motionplay-device-001,563370
5681,2,1,4,0,device-001_563349,motionplay-device-001,563370
5681,2,2,1,0,device-001_563349,motionplay-device-001,563370
5681,3,1,4,0,device-001_563349,motionplay-device-001,563370
5681,3,2,4,0,device-001_563349,motionplay-device-001,563370
5683,1,1,5,0,device-001_563349,motionplay-device-001,563370
5683,1,2,3,0,device-001_563349,motionplay-device-001,563370
5683,2,1,4,0,device-001_563349,motionplay-device-001,563370
5683,2,2,1,0,device-001_563349,motionplay-device-001,563370
5683,3,1,4,0,device-001_563349,motionplay-device-001,563370
5683,3,2,4,0,device-001_563349,motionplay-device-001,563370
5685,1,1,5,0,device-001_563349,motionplay-device-001,563370
5685,1,2,3,0,device-001_563349,motionplay-device-001,563370
5685,2,1,4,0,device-001_563349,motionplay-device-001,563370
5685,2,2,1,0,device-001_563349,motionplay-device-001,563370
5685,3,1,4,0,device-001_563349,motionplay-device-001,563370
5685,3,2,4,0,device-001_563349,motionplay-device-001,563370
5688,1,1,5,0,device-001_563349,motionplay-device-001,563370
5688,1,2,3,0,device-001_563349,motionplay-device-001,563370
5688,2,1,4,0,device-001_563349,motionplay-device-001,563370
5688,2,2,1,0,device-001_563349,motionplay-device-001,563370
5688,3,1,4,0,device-001_563349,motionplay-device-001,563370
5688,3,2,4,0,device-001_563349,motionplay-device-001,563370
5690,1,1,5,0,device-001_563349,motionplay-device-001,563370
5690,1,2,3,0,device-001_563349,motionplay-device-001,563370
5690,2,1,4,0,device-001_563349,motionplay-device-001,563370
5690,2,2,1,0,device-001_563349,motionplay-device-001,563370
5690,3,1,4,0,device-001_563349,motionplay-device-001,563370
5690,3,2,4,0,device-001_563349,motionplay-device-001,563370
5692,1,1,5,0,device-001_563349,motionplay-device-001,563370
5692,1,2,3,0,device-001_563349,motionplay-device-001,563370
5692,2,1,4,0,device-001_563349,motionplay-device-001,563370
5692,2,2,1,0,device-001_563349,motionplay-device-001,563370
5692,3,1,4,0,device-001_563349,motionplay-device-001,563370
5692,3,2,4,0,device-001_563349,motionplay-device-001,563370
5694,1,1,5,0,device-001_563349,motionplay-device-001,563370
5694,1,2,3,0,device-001_563349,motionplay-device-001,563370
5694,2,1,4,0,device-001_563349,motionplay-device-001,563370
5694,2,2,1,0,device-001_563349,motionplay-device-001,563370
5694,3,1,4,0,device-001_563349,motionplay-device-001,563370
5694,3,2,4,0,device-001_563349,motionplay-device-001,563370
5696,1,1,5,0,device-001_563349,motionplay-device-001,563370
5696,1,2,3,0,device-001_563349,motionplay-device-001,563370
5696,2,1,4,0,device-001_563349,motionplay-device-001,563370
5696,2,2,1,0,device-001_563349,motionplay-device-001,563370
5696,3,1,4,0,device-001_563349,motionplay-device-001,563370
5696,3,2,4,0,device-001_563349,motionplay-device-001,563370
5699,1,1,5,0,device-001_563349,motionplay-device-001,563370
5699,1,2,3,0,device-001_563349,motionplay-device-001,563370
5699,2,1,4,0,device-001_563349,motionplay-device-001,563370
5699,2,2,1,0,device-001_563349,motionplay-device-001,563370
5699,3,1,4,0,device-001_563349,motionplay-device-001,563370
5699,3,2,4,0,device-001_563349,motionplay-device-001,563370
5702,1,1,0,0,device-001_563349,motionplay-device-001,563370
5702,1,2,3,0,device-001_563349,motionplay-device-001,563370
5702,2,1,3,0,device-001_563349,motionplay-device-001,563370
5702,2,2,1,0,device-001_563349,motionplay-device-001,563370
5702,3,1,4,0,device-001_563349,motionplay-device-001,563370
5702,3,2,4,0,device-001_563349,motionplay-device-001,563370
5704,1,1,0,0,device-001_563349,motionplay-device-001,563370
5704,1,2,3,0,device-001_563349,motionplay-device-001,563370
5704,2,1,3,0,device-001_563349,motionplay-device-001,563370
5704,2,2,1,0,device-001_563349,motionplay-device-001,563370
5704,3,1,4,0,device-001_563349,motionplay-device-001,563370
5704,3,2,4,0,device-001_563349,motionplay-device-001,563370
5706,1,1,0,0,device-001_563349,motionplay-device-001,563370
5706,1,2,3,0,device-001_563349,motionplay-device-001,563370
5706,2,1,3,0,device-001_563349,motionplay-device-001,563370
5706,2,2,1,0,device-001_563349,motionplay-device-001,563370
5706,3,1,4,0,device-001_563349,motionplay-device-001,563370
5706,3,2,4,0,device-001_563349,motionplay-device-001,563370
5709,1,1,0,0,device-001_563349,motionplay-device-001,563370
5709,1,2,3,0,device-001_563349,motionplay-device-001,563370
5709,2,1,3,0,device-001_563349,motionplay-device-001,563370
5709,2,2,1,0,device-001_563349,motionplay-device-001,563370
5709,3,1,4,0,device-001_563349,motionplay-device-001,563370
5709,3,2,4,0,device-001_563349,motionplay-device-001,563370
5711,1,1,0,0,device-001_563349,motionplay-device-001,563370
5711,1,2,3,0,device-001_563349,motionplay-device-001,563370
5711,2,1,3,0,device-001_563349,motionplay-device-001,563370
5711,2,2,1,0,device-001_563349,motionplay-device-001,563370
5711,3,1,4,0,device-001_563349,motionplay-device-001,563370
5711,3,2,4,0,device-001_563349,motionplay-device-001,563370
5713,1,1,0,0,device-001_563349,motionplay-device-001,563370
5713,1,2,3,0,device-001_563349,motionplay-device-001,563370
5713,2,1,3,0,device-001_563349,motionplay-device-001,563370
5713,2,2,1,0,device-001_563349,motionplay-device-001,563370
5713,3,1,4,0,device-001_563349,motionplay-device-001,563370
5713,3,2,4,0,device-001_563349,motionplay-device-001,563370
5715,1,1,0,0,device-001_563349,motionplay-device-001,563370
5715,1,2,3,0,device-001_563349,motionplay-device-001,563370
5715,2,1,3,0,device-001_563349,motionplay-device-001,563370
5715,2,2,1,0,device-001_563349,motionplay-device-001,563370
5715,3,1,4,0,device-001_563349,motionplay-device-001,563370
5715,3,2,4,0,device-001_563349,motionplay-device-001,563370
5717,1,1,0,0,device-001_563349,motionplay-device-001,563370
5717,1,2,3,0,device-001_563349,motionplay-device-001,563370
5717,2,1,3,0,device-001_563349,motionplay-device-001,563370
5717,2,2,1,0,device-001_563349,motionplay-device-001,563370
5717,3,1,4,0,device-001_563349,motionplay-device-001,563370
5717,3,2,4,0,device-001_563349,motionplay-device-001,563370
5719,1,1,0,0,device-001_563349,motionplay-device-001,563370
5719,1,2,3,0,device-001_563349,motionplay-device-001,563370
5719,2,1,3,0,device-001_563349,motionplay-device-001,563370
5719,2,2,1,0,device-001_563349,motionplay-device-001,563370
5719,3,1,4,0,device-001_563349,motionplay-device-001,563370
5719,3,2,4,0,device-001_563349,motionplay-device-001,563370
5722,1,1,0,0,device-001_563349,motionplay-device-001,563370
5722,1,2,3,0,device-001_563349,motionplay-device-001,563370
5722,2,1,2,0,device-001_563349,motionplay-device-001,563370
5722,2,2,1,0,device-001_563349,motionplay-device-001,563370
5722,3,1,4,0,device-001_563349,motionplay-device-001,563370
5722,3,2,4,0,device-001_563349,motionplay-device-001,563370
5724,1,1,0,0,device-001_563349,motionplay-device-001,563370
5724,1,2,3,0,device-001_563349,motionplay-device-001,563370
5724,2,1,2,0,device-001_563349,motionplay-device-001,563370
5724,2,2,1,0,device-001_563349,motionplay-device-001,563370
5724,3,1,4,0,device-001_563349,motionplay-device-001,563370
5724,3,2,4,0,device-001_563349,motionplay-device-001,563370
5726,1,1,0,0,device-001_563349,motionplay-device-001,563370
5726,1,2,2,0,device-001_563349,motionplay-device-001,563370
5726,2,1,2,0,device-001_563349,motionplay-device-001,563370
5726,2,2,1,0,device-001_563349,motionplay-device-001,563370
5726,3,1,4,0,device-001_563349,motionplay-device-001,563370
5726,3,2,4,0,device-001_563349,motionplay-device-001,563370
5728,1,1,0,0,device-001_563349,motionplay-device-001,563370
5728,1,2,2,0,device-001_563349,motionplay-device-001,563370
5728,2,1,2,0,device-001_563349,motionplay-device-001,563370
5728,2,2,1,0,device-001_563349,motionplay-device-001,563370
5728,3,1,4,0,device-001_563349,motionplay-device-001,563370
5728,3,2,4,0,device-001_563349,motionplay-device-001,563370
5730,1,1,0,0,device-001_563349,motionplay-device-001,563370
5730,1,2,2,0,device-001_563349,motionplay-device-001,563370
5730,2,1,2,0,device-001_563349,motionplay-device-001,563370
5730,2,2,1,0,device-001_563349,motionplay-device-001,563370
5730,3,1,4,0,device-001_563349,motionplay-device-001,563370
5730,3,2,4,0,device-001_563349,motionplay-device-001,563370
5732,1,1,0,0,device-001_563349,motionplay-device-001,563370
5732,1,2,2,0,device-001_563349,motionplay-device-001,563370
5732,2,1,2,0,device-001_563349,motionplay-device-001,563370
5732,2,2,3,0,device-001_563349,motionplay-device-001,563370
5732,3,1,4,0,device-001_563349,motionplay-device-001,563370
5732,3,2,4,0,device-001_563349,motionplay-device-001,563370
5735,1,1,0,0,device-001_563349,motionplay-device-001,563370
5735,1,2,2,0,device-001_563349,motionplay-device-001,563370
5735,2,1,2,0,device-001_563349,motionplay-device-001,563370
5735,2,2,3,0,device-001_563349,motionplay-device-001,563370
5735,3,1,4,0,device-001_563349,motionplay-device-001,563370
5735,3,2,4,0,device-001_563349,motionplay-device-001,563370
5737,1,1,0,0,device-001_563349,motionplay-device-001,563370
5737,1,2,2,0,device-001_563349,motionplay-device-001,563370
5737,2,1,2,0,device-001_563349,motionplay-device-001,563370
5737,2,2,3,0,device-001_563349,motionplay-device-001,563370
5737,3,1,4,0,device-001_563349,motionplay-device-001,563370
5737,3,2,4,0,device-001_563349,motionplay-device-001,563370
5739,1,1,0,0,device-001_563349,motionplay-device-001,563370
5739,1,2,2,0,device-001_563349,motionplay-device-001,563370
5739,2,1,2,0,device-001_563349,motionplay-device-001,563370
5739,2,2,3,0,device-001_563349,motionplay-device-001,563370
5739,3,1,4,0,device-001_563349,motionplay-device-001,563370
5739,3,2,4,0,device-001_563349,motionplay-device-001,563370
5741,1,1,0,0,device-001_563349,motionplay-device-001,563370
5741,1,2,2,0,device-001_563349,motionplay-device-001,563370
5741,2,1,2,0,device-001_563349,motionplay-device-001,563370
5741,2,2,3,0,device-001_563349,motionplay-device-001,563370
5741,3,1,4,0,device-001_563349,motionplay-device-001,563370
5741,3,2,4,0,device-001_563349,motionplay-device-001,563370
5743,1,1,2,0,device-001_563349,motionplay-device-001,563370
5743,1,2,2,0,device-001_563349,motionplay-device-001,563370
5743,2,1,2,0,device-001_563349,motionplay-device-001,563370
5743,2,2,3,0,device-001_563349,motionplay-device-001,563370
5743,3,1,4,0,device-001_563349,motionplay-device-001,563370
5743,3,2,4,0,device-001_563349,motionplay-device-001,563370
5745,1,1,2,0,device-001_563349,motionplay-device-001,563370
5745,1,2,3,0,device-001_563349,motionplay-device-001,563370
5745,2,1,2,0,device-001_563349,motionplay-device-001,563370
5745,2,2,3,0,device-001_563349,motionplay-device-001,563370
5745,3,1,4,0,device-001_563349,motionplay-device-001,563370
5745,3,2,4,0,device-001_563349,motionplay-device-001,563370
5747,1,1,2,0,device-001_563349,motionplay-device-001,563370
5747,1,2,3,0,device-001_563349,motionplay-device-001,563370
5747,2,1,2,0,device-001_563349,motionplay-device-001,563370
5747,2,2,3,0,device-001_563349,motionplay-device-001,563370
5747,3,1,4,0,device-001_563349,motionplay-device-001,563370
5747,3,2,4,0,device-001_563349,motionplay-device-001,563370
5750,1,1,2,0,device-001_563349,motionplay-device-001,563370
5750,1,2,3,0,device-001_563349,motionplay-device-001,563370
5750,2,1,2,0,device-001_563349,motionplay-device-001,563370
5750,2,2,3,0,device-001_563349,motionplay-device-001,563370
5750,3,1,4,0,device-001_563349,motionplay-device-001,563370
5750,3,2,4,0,device-001_563349,motionplay-device-001,563370
5752,1,1,2,0,device-001_563349,motionplay-device-001,563370
5752,1,2,3,0,device-001_563349,motionplay-device-001,563370
5752,2,1,2,0,device-001_563349,motionplay-device-001,563370
5752,2,2,3,0,device-001_563349,motionplay-device-001,563370
5752,3,1,4,0,device-001_563349,motionplay-device-001,563370
5752,3,2,4,0,device-001_563349,motionplay-device-001,563370
5754,1,1,2,0,device-001_563349,motionplay-device-001,563370
5754,1,2,3,0,device-001_563349,motionplay-device-001,563370
5754,2,1,2,0,device-001_563349,motionplay-device-001,563370
5754,2,2,1,0,device-001_563349,motionplay-device-001,563370
5754,3,1,4,0,device-001_563349,motionplay-device-001,563370
5754,3,2,4,0,device-001_563349,motionplay-device-001,563370
5756,1,1,2,0,device-001_563349,motionplay-device-001,563370
5756,1,2,3,0,device-001_563349,motionplay-device-001,563370
5756,2,1,2,0,device-001_563349,motionplay-device-001,563370
5756,2,2,1,0,device-001_563349,motionplay-device-001,563370
5756,3,1,4,0,device-001_563349,motionplay-device-001,563370
5756,3,2,4,0,device-001_563349,motionplay-device-001,563370
5758,1,1,2,0,device-001_563349,motionplay-device-001,563370
5758,1,2,3,0,device-001_563349,motionplay-device-001,563370
5758,2,1,2,0,device-001_563349,motionplay-device-001,563370
5758,2,2,1,0,device-001_563349,motionplay-device-001,563370
5758,3,1,4,0,device-001_563349,motionplay-device-001,563370
5758,3,2,4,0,device-001_563349,motionplay-device-001,563370
5760,1,1,2,0,device-001_563349,motionplay-device-001,563370
5760,1,2,3,0,device-001_563349,motionplay-device-001,563370
5760,2,1,2,0,device-001_563349,motionplay-device-001,563370
5760,2,2,1,0,device-001_563349,motionplay-device-001,563370
5760,3,1,4,0,device-001_563349,motionplay-device-001,563370
5760,3,2,4,0,device-001_563349,motionplay-device-001,563370
5763,1,1,2,0,device-001_563349,motionplay-device-001,563370
5763,1,2,3,0,device-001_563349,motionplay-device-001,563370
5763,2,1,2,0,device-001_563349,motionplay-device-001,563370
5763,2,2,1,0,device-001_563349,motionplay-device-001,563370
5763,3,1,4,0,device-001_563349,motionplay-device-001,563370
5763,3,2,4,0,device-001_563349,motionplay-device-001,563370
5765,1,1,2,0,device-001_563349,motionplay-device-001,563370
5765,1,2,1,0,device-001_563349,motionplay-device-001,563370
5765,2,1,2,0,device-001_563349,motionplay-device-001,563370
5765,2,2,1,0,device-001_563349,motionplay-device-001,563370
5765,3,1,4,0,device-001_563349,motionplay-device-001,563370
5765,3,2,4,0,device-001_563349,motionplay-device-001,563370
5767,1,1,2,0,device-001_563349,motionplay-device-001,563370
5767,1,2,1,0,device-001_563349,motionplay-device-001,563370
5767,2,1,2,0,device-001_563349,motionplay-device-001,563370
5767,2,2,1,0,device-001_563349,motionplay-device-001,563370
5767,3,1,4,0,device-001_563349,motionplay-device-001,563370
5767,3,2,4,0,device-001_563349,motionplay-device-001,563370
5769,1,1,2,0,device-001_563349,motionplay-device-001,563370
5769,1,2,1,0,device-001_563349,motionplay-device-001,563370
5769,2,1,2,0,device-001_563349,motionplay-device-001,563370
5769,2,2,1,0,device-001_563349,motionplay-device-001,563370
5769,3,1,4,0,device-001_563349,motionplay-device-001,563370
5769,3,2,4,0,device-001_563349,motionplay-device-001,563370
5771,1,1,2,0,device-001_563349,motionplay-device-001,563370
5771,1,2,1,0,device-001_563349,motionplay-device-001,563370
5771,2,1,2,0,device-001_563349,motionplay-device-001,563370
5771,2,2,1,0,device-001_563349,motionplay-device-001,563370
5771,3,1,4,0,device-001_563349,motionplay-device-001,563370
5771,3,2,4,0,device-001_563349,motionplay-device-001,563370
5773,1,1,2,0,device-001_563349,motionplay-device-001,563370
5773,1,2,1,0,device-001_563349,motionplay-device-001,563370
5773,2,1,2,0,device-001_563349,motionplay-device-001,563370
5773,2,2,2,0,device-001_563349,motionplay-device-001,563370
5773,3,1,4,0,device-001_563349,motionplay-device-001,563370
5773,3,2,4,0,device-001_563349,motionplay-device-001,563370
5776,1,1,2,0,device-001_563349,motionplay-device-001,563370
5776,1,2,1,0,device-001_563349,motionplay-device-001,563370
5776,2,1,2,0,device-001_563349,motionplay-device-001,563370
5776,2,2,2,0,device-001_563349,motionplay-device-001,563370
5776,3,1,4,0,device-001_563349,motionplay-device-001,563370
5776,3,2,4,0,device-001_563349,motionplay-device-001,563370
5778,1,1,2,0,device-001_563349,motionplay-device-001,563370
5778,1,2,1,0,device-001_563349,motionplay-device-001,563370
5778,2,1,2,0,device-001_563349,motionplay-device-001,563370
5778,2,2,2,0,device-001_563349,motionplay-device-001,563370
5778,3,1,4,0,device-001_563349,motionplay-device-001,563370
5778,3,2,4,0,device-001_563349,motionplay-device-001,563370
5780,1,1,2,0,device-001_563349,motionplay-device-001,563370
5780,1,2,1,0,device-001_563349,motionplay-device-001,563370
5780,2,1,1,0,device-001_563349,motionplay-device-001,563370
5780,2,2,2,0,device-001_563349,motionplay-device-001,563370
5780,3,1,4,0,device-001_563349,motionplay-device-001,563370
5780,3,2,4,0,device-001_563349,motionplay-device-001,563370
5782,1,1,3,0,device-001_563349,motionplay-device-001,563370
5782,1,2,5,0,device-001_563349,motionplay-device-001,563370
5782,2,1,1,0,device-001_563349,motionplay-device-001,563370
5782,2,2,2,0,device-001_563349,motionplay-device-001,563370
5782,3,1,7,0,device-001_563349,motionplay-device-001,563370
5782,3,2,4,0,device-001_563349,motionplay-device-001,563370
5784,1,1,3,0,device-001_563349,motionplay-device-001,563370
5784,1,2,5,0,device-001_563349,motionplay-device-001,563370
5784,2,1,1,0,device-001_563349,motionplay-device-001,563370
5784,2,2,2,0,device-001_563349,motionplay-device-001,563370
5784,3,1,7,0,device-001_563349,motionplay-device-001,563370
5784,3,2,4,0,device-001_563349,motionplay-device-001,563370
5786,1,1,3,0,device-001_563349,motionplay-device-001,563370
5786,1,2,5,0,device-001_563349,motionplay-device-001,563370
5786,2,1,1,0,device-001_563349,motionplay-device-001,563370
5786,2,2,2,0,device-001_563349,motionplay-device-001,563370
5786,3,1,7,0,device-001_563349,motionplay-device-001,563370
5786,3,2,4,0,device-001_563349,motionplay-device-001,563370
5788,1,1,3,0,device-001_563349,motionplay-device-001,563370
5788,1,2,5,0,device-001_563349,motionplay-device-001,563370
5788,2,1,1,0,device-001_563349,motionplay-device-001,563370
5788,2,2,2,0,device-001_563349,motionplay-device-001,563370
5788,3,1,7,0,device-001_563349,motionplay-device-001,563370
5788,3,2,4,0,device-001_563349,motionplay-device-001,563370
5791,1,1,3,0,device-001_563349,motionplay-device-001,563370
5791,1,2,5,0,device-001_563349,motionplay-device-001,563370
5791,2,1,1,0,device-001_563349,motionplay-device-001,563370
5791,2,2,2,0,device-001_563349,motionplay-device-001,563370
5791,3,1,7,0,device-001_563349,motionplay-device-001,563370
5791,3,2,4,0,device-001_563349,motionplay-device-001,563370
5793,1,1,3,0,device-001_563349,motionplay-device-001,563370
5793,1,2,5,0,device-001_563349,motionplay-device-001,563370
5793,2,1,1,0,device-001_563349,motionplay-device-001,563370
5793,2,2,2,0,device-001_563349,motionplay-device-001,563370
5793,3,1,7,0,device-001_563349,motionplay-device-001,563370
5793,3,2,4,0,device-001_563349,motionplay-device-001,563370
5795,1,1,3,0,device-001_563349,motionplay-device-001,563370
5795,1,2,5,0,device-001_563349,motionplay-device-001,563370
5795,2,1,1,0,device-001_563349,motionplay-device-001,563370
5795,2,2,2,0,device-001_563349,motionplay-device-001,563370
5795,3,1,7,0,device-001_563349,motionplay-device-001,563370
5795,3,2,4,0,device-001_563349,motionplay-device-001,563370
5797,1,1,3,0,device-001_563349,motionplay-device-001,563370
5797,1,2,5,0,device-001_563349,motionplay-device-001,563370
5797,2,1,1,0,device-001_563349,motionplay-device-001,563370
5797,2,2,2,0,device-001_563349,motionplay-device-001,563370
5797,3,1,7,0,device-001_563349,motionplay-device-001,563370
5797,3,2,4,0,device-001_563349,motionplay-device-001,563370
5799,1,1,3,0,device-001_563349,motionplay-device-001,563370
5799,1,2,5,0,device-001_563349,motionplay-device-001,563370
5799,2,1,0,0,device-001_563349,motionplay-device-001,563370
5799,2,2,2,0,device-001_563349,motionplay-device-001,563370
5799,3,1,7,0,device-001_563349,motionplay-device-001,563370
5799,3,2,4,0,device-001_563349,motionplay-device-001,563370
5801,1,1,5,0,device-001_563349,motionplay-device-001,563370
5801,1,2,2,0,device-001_563349,motionplay-device-001,563370
5801,2,1,0,0,device-001_563349,motionplay-device-001,563370
5801,2,2,2,0,device-001_563349,motionplay-device-001,563370
5801,3,1,5,0,device-001_563349,motionplay-device-001,563370
5801,3,2,2,0,device-001_563349,motionplay-device-001,563370
5804,1,1,5,0,device-001_563349,motionplay-device-001,563370
5804,1,2,2,0,device-001_563349,motionplay-device-001,563370
5804,2,1,0,0,device-001_563349,motionplay-device-001,563370
5804,2,2,2,0,device-001_563349,motionplay-device-001,563370
5804,3,1,5,0,device-001_563349,motionplay-device-001,563370
5804,3,2,2,0,device-001_563349,motionplay-device-001,563370
5806,1,1,5,0,device-001_563349,motionplay-device-001,563370
5806,1,2,2,0,device-001_563349,motionplay-device-001,563370
5806,2,1,0,0,device-001_563349,motionplay-device-001,563370
5806,2,2,2,0,device-001_563349,motionplay-device-001,563370
5806,3,1,5,0,device-001_563349,motionplay-device-001,563370
5806,3,2,2,0,device-001_563349,motionplay-device-001,563370
5808,1,1,5,0,device-001_563349,motionplay-device-001,563370
5808,1,2,2,0,device-001_563349,motionplay-device-001,563370
5808,2,1,0,0,device-001_563349,motionplay-device-001,563370
5808,2,2,2,0,device-001_563349,motionplay-device-001,563370
5808,3,1,5,0,device-001_563349,motionplay-device-001,563370
5808,3,2,2,0,device-001_563349,motionplay-device-001,563370
5810,1,1,5,0,device-001_563349,motionplay-device-001,563370
5810,1,2,2,0,device-001_563349,motionplay-device-001,563370
5810,2,1,0,0,device-001_563349,motionplay-device-001,563370
5810,2,2,2,0,device-001_563349,motionplay-device-001,563370
5810,3,1,5,0,device-001_563349,motionplay-device-001,563370
5810,3,2,2,0,device-001_563349,motionplay-device-001,563370
5812,1,1,5,0,device-001_563349,motionplay-device-001,563370
5812,1,2,2,0,device-001_563349,motionplay-device-001,563370
5812,2,1,0,0,device-001_563349,motionplay-device-001,563370
5812,2,2,2,0,device-001_563349,motionplay-device-001,563370
5812,3,1,5,0,device-001_563349,motionplay-device-001,563370
5812,3,2,2,0,device-001_563349,motionplay-device-001,563370
5814,1,1,5,0,device-001_563349,motionplay-device-001,563370
5814,1,2,2,0,device-001_563349,motionplay-device-001,563370
5814,2,1,0,0,device-001_563349,motionplay-device-001,563370
5814,2,2,2,0,device-001_563349,motionplay-device-001,563370
5814,3,1,5,0,device-001_563349,motionplay-device-001,563370
5814,3,2,2,0,device-001_563349,motionplay-device-001,563370
5816,1,1,5,0,device-001_563349,motionplay-device-001,563370
5816,1,2,2,0,device-001_563349,motionplay-device-001,563370
5816,2,1,0,0,device-001_563349,motionplay-device-001,563370
5816,2,2,2,0,device-001_563349,motionplay-device-001,563370
5816,3,1,5,0,device-001_563349,motionplay-device-001,563370
5816,3,2,2,0,device-001_563349,motionplay-device-001,563370
5819,1,1,5,0,device-001_563349,motionplay-device-001,563370
5819,1,2,2,0,device-001_563349,motionplay-device-001,563370
5819,2,1,0,0,device-001_563349,motionplay-device-001,563370
5819,2,2,2,0,device-001_563349,motionplay-device-001,563370
5819,3,1,5,0,device-001_563349,motionplay-device-001,563370
5819,3,2,2,0,device-001_563349,motionplay-device-001,563370
5821,1,1,5,0,device-001_563349,motionplay-device-001,563370
5821,1,2,6,0,device-001_563349,motionplay-device-001,563370
5821,2,1,1,0,device-001_563349,motionplay-device-001,563370
5821,2,2,2,0,device-001_563349,motionplay-device-001,563370
5821,3,1,4,0,device-001_563349,motionplay-device-001,563370
5821,3,2,3,0,device-001_563349,motionplay-device-001,563370
5823,1,1,3,0,device-001_563349,motionplay-device-001,563370
5823,1,2,6,0,device-001_563349,motionplay-device-001,563370
5823,2,1,1,0,device-001_563349,motionplay-device-001,563370
5823,2,2,2,0,device-001_563349,motionplay-device-001,563370
5823,3,1,4,0,device-001_563349,motionplay-device-001,563370
5823,3,2,3,0,device-001_563349,motionplay-device-001,563370
5825,1,1,3,0,device-001_563349,motionplay-device-001,563370
5825,1,2,6,0,device-001_563349,motionplay-device-001,563370
5825,2,1,1,0,device-001_563349,motionplay-device-001,563370
5825,2,2,2,0,device-001_563349,motionplay-device-001,563370
5825,3,1,4,0,device-001_563349,motionplay-device-001,563370
5825,3,2,3,0,device-001_563349,motionplay-device-001,563370
5827,1,1,3,0,device-001_563349,motionplay-device-001,563370
5827,1,2,6,0,device-001_563349,motionplay-device-001,563370
5827,2,1,1,0,device-001_563349,motionplay-device-001,563370
5827,2,2,2,0,device-001_563349,motionplay-device-001,563370
5827,3,1,4,0,device-001_563349,motionplay-device-001,563370
5827,3,2,3,0,device-001_563349,motionplay-device-001,563370
5829,1,1,3,0,device-001_563349,motionplay-device-001,563370
5829,1,2,6,0,device-001_563349,motionplay-device-001,563370
5829,2,1,1,0,device-001_563349,motionplay-device-001,563370
5829,2,2,2,0,device-001_563349,motionplay-device-001,563370
5829,3,1,4,0,device-001_563349,motionplay-device-001,563370
5829,3,2,3,0,device-001_563349,motionplay-device-001,563370